Category,Item,Serving Size,Calories,Calories from Fat,Total Fat,Total Fat (% Daily Value),Saturated Fat,Saturated Fat (% Daily Value),Trans Fat,Cholesterol,Cholesterol (% Daily Value),Sodium,Sodium (% Daily Value),Carbohydrates,Carbohydrates (% Daily Value),Dietary Fiber,Dietary Fiber (% Daily Value),Sugars,Protein,Serving Size Numeric,Serving Size Numeric Normalized
Breakfast,Egg McMuffin,4.8 oz (136 g),0.1595744680851064,0.11320754716981132,0.11016949152542373,0.1098901098901099,0.25,0.24509803921568626,0.0,0.45217391304347826,0.453125,0.20833333333333334,0.2066666666666667,0.21985815602836878,0.2127659574468085,0.5714285714285714,0.6071428571428571,0.0234375,0.1954022988505747,136.0,0.173419773095624
Breakfast,Egg White Delight,4.8 oz (135 g),0.13297872340425532,0.0660377358490566,0.06779661016949153,0.06593406593406594,0.15000000000000002,0.14705882352941177,0.0,0.043478260869565216,0.041666666666666664,0.21388888888888888,0.21333333333333335,0.2127659574468085,0.2127659574468085,0.5714285714285714,0.6071428571428571,0.0234375,0.20689655172413793,135.0,0.17179902755267423
Breakfast,Sausage McMuffin,3.9 oz (111 g),0.19680851063829788,0.18867924528301888,0.19491525423728814,0.19230769230769232,0.4,0.4117647058823529,0.0,0.0782608695652174,0.078125,0.21666666666666667,0.22,0.20567375886524822,0.2127659574468085,0.5714285714285714,0.6071428571428571,0.015625,0.16091954022988506,111.0,0.13290113452188007
Breakfast,Sausage McMuffin with Egg,5.7 oz (161 g),0.2393617021276596,0.2358490566037736,0.23728813559322035,0.23626373626373628,0.5,0.5098039215686274,0.0,0.4956521739130435,0.49479166666666663,0.2388888888888889,0.24000000000000002,0.2127659574468085,0.2127659574468085,0.5714285714285714,0.6071428571428571,0.015625,0.24137931034482757,161.0,0.21393841166936797
Breakfast,Sausage McMuffin with Egg Whites,5.7 oz (161 g),0.2127659574468085,0.19811320754716982,0.19491525423728814,0.19230769230769232,0.4,0.4117647058823529,0.0,0.08695652173913043,0.08333333333333333,0.24444444444444444,0.24666666666666667,0.2127659574468085,0.2127659574468085,0.5714285714285714,0.6071428571428571,0.015625,0.24137931034482757,161.0,0.21393841166936797
Breakfast,Steak & Egg McMuffin,6.5 oz (185 g),0.22872340425531915,0.19811320754716982,0.19491525423728814,0.19780219780219782,0.45,0.45098039215686275,0.4,0.5217391304347826,0.5208333333333333,0.26666666666666666,0.26666666666666666,0.21985815602836878,0.2127659574468085,0.5714285714285714,0.6428571428571428,0.0234375,0.29885057471264365,185.0,0.25283630470016216
Breakfast,"Bacon, Egg & Cheese Biscuit (Regular Biscuit)",5.3 oz (150 g),0.24468085106382978,0.2169811320754717,0.22033898305084745,0.2197802197802198,0.65,0.6372549019607843,0.0,0.4347826086956522,0.43229166666666663,0.3611111111111111,0.36000000000000004,0.2695035460992908,0.2765957446808511,0.2857142857142857,0.25,0.0234375,0.21839080459770116,150.0,0.1961102106969206
Breakfast,"Bacon, Egg & Cheese Biscuit (Large Biscuit)",5.8 oz (164 g),0.2765957446808511,0.25471698113207547,0.2542372881355932,0.25824175824175827,0.7000000000000001,0.6666666666666666,0.0,0.4347826086956522,0.43229166666666663,0.39166666666666666,0.39333333333333337,0.3049645390070922,0.2978723404255319,0.42857142857142855,0.42857142857142855,0.03125,0.21839080459770116,164.0,0.21880064829821724
Breakfast,"Bacon, Egg & Cheese Biscuit with Egg Whites (Regular Biscuit)",5.4 oz (153 g),0.21808510638297873,0.16981132075471697,0.1694915254237288,0.17582417582417584,0.55,0.5490196078431373,0.0,0.06086956521739131,0.057291666666666664,0.3611111111111111,0.36000000000000004,0.2553191489361702,0.2553191489361702,0.2857142857142857,0.25,0.0234375,0.22988505747126436,153.0,0.20097244732576988
Breakfast,"Bacon, Egg & Cheese Biscuit with Egg Whites (Large Biscuit)",5.9 oz (167 g),0.25,0.20754716981132076,0.211864406779661,0.2087912087912088,0.6000000000000001,0.5784313725490196,0.0,0.06086956521739131,0.057291666666666664,0.39444444444444443,0.39333333333333337,0.2978723404255319,0.2978723404255319,0.42857142857142855,0.42857142857142855,0.03125,0.22988505747126436,167.0,0.2236628849270665
Breakfast,Sausage Biscuit (Regular Biscuit),4.1 oz (117 g),0.22872340425531915,0.22641509433962265,0.2288135593220339,0.23076923076923078,0.6000000000000001,0.6078431372549019,0.0,0.052173913043478265,0.05208333333333333,0.3,0.30000000000000004,0.24113475177304963,0.23404255319148937,0.2857142857142857,0.21428571428571427,0.015625,0.12643678160919541,117.0,0.1426256077795786
Breakfast,Sausage Biscuit (Large Biscuit),4.6 oz (131 g),0.2553191489361702,0.2641509433962264,0.2627118644067797,0.26373626373626374,0.65,0.6372549019607843,0.0,0.052173913043478265,0.05208333333333333,0.33055555555555555,0.33333333333333337,0.2765957446808511,0.2765957446808511,0.42857142857142855,0.39285714285714285,0.0234375,0.12643678160919541,131.0,0.16531604538087522
Breakfast,Sausage Biscuit with Egg (Regular Biscuit),5.7 oz (163 g),0.2712765957446809,0.27358490566037735,0.2796610169491525,0.27472527472527475,0.7000000000000001,0.696078431372549,0.0,0.4347826086956522,0.43229166666666663,0.325,0.32666666666666666,0.2553191489361702,0.2553191489361702,0.2857142857142857,0.21428571428571427,0.015625,0.20689655172413793,163.0,0.21717990275526747
Breakfast,Sausage Biscuit with Egg (Large Biscuit),6.2 oz (177 g),0.30319148936170215,0.3113207547169811,0.3135593220338983,0.3131868131868132,0.75,0.7254901960784313,0.0,0.4347826086956522,0.43229166666666663,0.35555555555555557,0.35333333333333333,0.2978723404255319,0.2978723404255319,0.42857142857142855,0.39285714285714285,0.0234375,0.20689655172413793,177.0,0.23987034035656404
Breakfast,Sausage Biscuit with Egg Whites (Regular Biscuit),5.9 oz (167 g),0.24468085106382978,0.2358490566037736,0.2288135593220339,0.23076923076923078,0.6000000000000001,0.6078431372549019,0.0,0.06086956521739131,0.057291666666666664,0.3277777777777778,0.32666666666666666,0.24113475177304963,0.23404255319148937,0.2857142857142857,0.21428571428571427,0.0234375,0.20689655172413793,167.0,0.2236628849270665
Breakfast,Sausage Biscuit with Egg Whites (Large Biscuit),6.4 oz (181 g),0.2765957446808511,0.2641509433962264,0.2711864406779661,0.2692307692307693,0.65,0.6372549019607843,0.0,0.06086956521739131,0.057291666666666664,0.35833333333333334,0.36000000000000004,0.2836879432624113,0.2765957446808511,0.42857142857142855,0.39285714285714285,0.0234375,0.20689655172413793,181.0,0.2463533225283631
Breakfast,Southern Style Chicken Biscuit (Regular Biscuit),5 oz (143 g),0.21808510638297873,0.16981132075471697,0.1694915254237288,0.17032967032967034,0.4,0.4019607843137255,0.0,0.052173913043478265,0.05208333333333333,0.3277777777777778,0.32666666666666666,0.2907801418439716,0.2978723404255319,0.2857142857142857,0.21428571428571427,0.0234375,0.1954022988505747,143.0,0.1847649918962723
Breakfast,Southern Style Chicken Biscuit (Large Biscuit),5.5 oz (157 g),0.25,0.20754716981132076,0.2033898305084746,0.20329670329670332,0.45,0.4411764705882353,0.0,0.052173913043478265,0.05208333333333333,0.35833333333333334,0.36000000000000004,0.326241134751773,0.3191489361702128,0.42857142857142855,0.39285714285714285,0.03125,0.1954022988505747,157.0,0.20745542949756893
Breakfast,Steak & Egg Biscuit (Regular Biscuit),7.1 oz (201 g),0.2872340425531915,0.27358490566037735,0.2711864406779661,0.2692307692307693,0.8,0.7647058823529411,0.4,0.48695652173913045,0.484375,0.4083333333333333,0.4066666666666667,0.2695035460992908,0.2765957446808511,0.2857142857142857,0.2857142857142857,0.0234375,0.28735632183908044,201.0,0.27876823338735823
Breakfast,"Bacon, Egg & Cheese McGriddles",6.1 oz (174 g),0.24468085106382978,0.1792452830188679,0.17796610169491525,0.17582417582417584,0.45,0.43137254901960786,0.0,0.4347826086956522,0.4375,0.3472222222222222,0.3466666666666667,0.3404255319148936,0.3404255319148936,0.2857142857142857,0.3214285714285714,0.1171875,0.21839080459770116,174.0,0.23500810372771477
Breakfast,"Bacon, Egg & Cheese McGriddles with Egg Whites",6.3 oz (178 g),0.2127659574468085,0.1320754716981132,0.1271186440677966,0.13186813186813187,0.35000000000000003,0.3333333333333333,0.0,0.06086956521739131,0.057291666666666664,0.3472222222222222,0.3466666666666667,0.3333333333333333,0.3404255319148936,0.2857142857142857,0.3214285714285714,0.125,0.22988505747126436,178.0,0.24149108589951382
Breakfast,Sausage McGriddles,5 oz (141 g),0.22340425531914895,0.18867924528301888,0.1864406779661017,0.18681318681318682,0.4,0.39215686274509803,0.0,0.06086956521739131,0.057291666666666664,0.2861111111111111,0.2866666666666667,0.3120567375886525,0.3191489361702128,0.2857142857142857,0.2857142857142857,0.1171875,0.12643678160919541,141.0,0.18152350081037277
Breakfast,"Sausage, Egg & Cheese McGriddles",7.1 oz (201 g),0.2925531914893617,0.2641509433962264,0.2627118644067797,0.26373626373626374,0.6000000000000001,0.5980392156862745,0.0,0.4608695652173913,0.46354166666666663,0.36666666666666664,0.3666666666666667,0.3404255319148936,0.3404255319148936,0.2857142857142857,0.3214285714285714,0.1171875,0.22988505747126436,201.0,0.27876823338735823
Breakfast,"Sausage, Egg & Cheese McGriddles with Egg Whites",7.2 oz (205 g),0.26595744680851063,0.2169811320754717,0.22033898305084745,0.2197802197802198,0.5,0.5098039215686274,0.0,0.08695652173913043,0.08854166666666666,0.36666666666666664,0.3666666666666667,0.326241134751773,0.3191489361702128,0.2857142857142857,0.3214285714285714,0.1171875,0.24137931034482757,205.0,0.2852512155591573
Breakfast,"Bacon, Egg & Cheese Bagel",6.9 oz (197 g),0.3297872340425532,0.2641509433962264,0.2627118644067797,0.26373626373626374,0.55,0.5490196078431373,0.2,0.4782608695652174,0.47916666666666663,0.4111111111111111,0.4133333333333334,0.40425531914893614,0.40425531914893614,0.42857142857142855,0.39285714285714285,0.0546875,0.3448275862068966,197.0,0.27228525121555924
Breakfast,"Bacon, Egg & Cheese Bagel with Egg Whites",7.1 oz (201 g),0.30319148936170215,0.2169811320754717,0.211864406779661,0.2142857142857143,0.45,0.4411764705882353,0.2,0.10434782608695653,0.10416666666666666,0.4111111111111111,0.4133333333333334,0.3900709219858156,0.3829787234042553,0.42857142857142855,0.42857142857142855,0.0625,0.3448275862068966,201.0,0.27876823338735823
Breakfast,"Steak, Egg & Cheese Bagel",8.5 oz (241 g),0.35638297872340424,0.29245283018867924,0.2966101694915254,0.29120879120879123,0.65,0.6176470588235294,0.6000000000000001,0.5130434782608696,0.515625,0.41944444444444445,0.42000000000000004,0.3971631205673759,0.40425531914893614,0.42857142857142855,0.42857142857142855,0.0546875,0.3793103448275862,241.0,0.3435980551053485
Breakfast,Big Breakfast (Regular Biscuit),9.5 oz (269 g),0.39361702127659576,0.4056603773584906,0.4067796610169492,0.4010989010989011,0.8500000000000001,0.8529411764705882,0.0,0.9652173913043479,0.9635416666666666,0.43333333333333335,0.43333333333333335,0.36170212765957444,0.36170212765957444,0.42857142857142855,0.42857142857142855,0.0234375,0.3218390804597701,269.0,0.3889789303079418
Breakfast,Big Breakfast (Large Biscuit),10 oz (283 g),0.425531914893617,0.44339622641509435,0.4406779661016949,0.4395604395604396,0.9,0.8823529411764706,0.0,0.9652173913043479,0.9635416666666666,0.4666666666666667,0.4666666666666667,0.3971631205673759,0.40425531914893614,0.5714285714285714,0.6071428571428571,0.0234375,0.3218390804597701,283.0,0.41166936790923836
Breakfast,Big Breakfast with Egg Whites (Regular Biscuit),9.6 oz (272 g),0.3404255319148936,0.3113207547169811,0.3135593220338983,0.3131868131868132,0.7000000000000001,0.6764705882352942,0.0,0.06086956521739131,0.0625,0.44166666666666665,0.44,0.3546099290780142,0.36170212765957444,0.42857142857142855,0.42857142857142855,0.0234375,0.29885057471264365,272.0,0.39384116693679105
Breakfast,Big Breakfast with Egg Whites (Large Biscuit),10.1 oz (286 g),0.3670212765957447,0.3490566037735849,0.3474576271186441,0.3461538461538462,0.7000000000000001,0.7058823529411764,0.0,0.06086956521739131,0.0625,0.4722222222222222,0.4733333333333334,0.3900709219858156,0.3829787234042553,0.5714285714285714,0.6071428571428571,0.03125,0.29885057471264365,286.0,0.41653160453808763
Breakfast,Big Breakfast with Hotcakes (Regular Biscuit),14.8 oz (420 g),0.5797872340425532,0.4811320754716981,0.4745762711864407,0.47802197802197804,0.9500000000000001,0.9411764705882353,0.0,1.0,1.0,0.5972222222222222,0.6000000000000001,0.7872340425531915,0.7872340425531915,0.8571428571428571,0.8214285714285714,0.1328125,0.41379310344827586,420.0,0.633711507293355
Breakfast,Big Breakfast with Hotcakes (Large Biscuit),15.3 oz (434 g),0.6117021276595744,0.5094339622641509,0.5084745762711864,0.5109890109890111,1.0,0.9803921568627451,0.0,1.0,1.0,0.6277777777777778,0.6266666666666667,0.8226950354609929,0.8297872340425532,1.0,1.0,0.1328125,0.41379310344827586,434.0,0.6564019448946516
Breakfast,Big Breakfast with Hotcakes and Egg Whites (Regular Biscuit),14.9 oz (423 g),0.526595744680851,0.3867924528301887,0.3898305084745763,0.38461538461538464,0.8,0.7647058823529411,0.0,0.09565217391304348,0.09895833333333333,0.6027777777777777,0.6066666666666667,0.7801418439716312,0.7872340425531915,0.8571428571428571,0.8214285714285714,0.1328125,0.40229885057471265,423.0,0.6385737439222043
Breakfast,Big Breakfast with Hotcakes and Egg Whites (Large Biscuit),15.4 oz (437 g),0.5585106382978724,0.42452830188679247,0.423728813559322,0.42307692307692313,0.8,0.7941176470588235,0.0,0.09565217391304348,0.09895833333333333,0.6361111111111111,0.6333333333333334,0.8156028368794326,0.8085106382978723,1.0,1.0,0.140625,0.40229885057471265,437.0,0.6612641815235009
Breakfast,Hotcakes,5.3 oz (151 g),0.18617021276595744,0.07547169811320754,0.07627118644067797,0.07142857142857144,0.1,0.08823529411764705,0.0,0.034782608695652174,0.03645833333333333,0.1638888888888889,0.16,0.425531914893617,0.425531914893617,0.42857142857142855,0.3571428571428571,0.109375,0.09195402298850575,151.0,0.1977309562398704
Breakfast,Hotcakes and Sausage,6.8 oz (192 g),0.2765957446808511,0.19811320754716982,0.2033898305084746,0.20329670329670332,0.35000000000000003,0.3529411764705882,0.0,0.08695652173913043,0.08854166666666666,0.25833333333333336,0.26,0.4326241134751773,0.425531914893617,0.42857142857142855,0.3571428571428571,0.109375,0.1724137931034483,192.0,0.2641815235008104
Breakfast,Sausage Burrito,3.9 oz (111 g),0.1595744680851064,0.14150943396226415,0.13559322033898305,0.13736263736263737,0.35000000000000003,0.3235294117647059,0.0,0.2,0.19791666666666666,0.21944444444444444,0.22,0.18439716312056736,0.19148936170212766,0.14285714285714285,0.17857142857142855,0.015625,0.13793103448275862,111.0,0.13290113452188007
Breakfast,Hash Brown,2 oz (56 g),0.0797872340425532,0.07547169811320754,0.07627118644067797,0.07692307692307693,0.07500000000000001,0.058823529411764705,0.0,0.0,0.0,0.08611111111111111,0.08666666666666667,0.10638297872340426,0.10638297872340426,0.2857142857142857,0.21428571428571427,0.0,0.011494252873563218,56.0,0.043760129659643446
Breakfast,Cinnamon Melts,4 oz (114 g),0.24468085106382978,0.16037735849056603,0.16101694915254236,0.16483516483516486,0.45,0.4215686274509804,0.0,0.026086956521739132,0.026041666666666664,0.10277777777777777,0.1,0.46808510638297873,0.46808510638297873,0.42857142857142855,0.39285714285714285,0.25,0.06896551724137931,114.0,0.13776337115072934
Breakfast,Fruit & Maple Oatmeal,9.6 oz (251 g),0.15425531914893617,0.0330188679245283,0.03389830508474576,0.03296703296703297,0.07500000000000001,0.0784313725490196,0.0,0.008695652173913044,0.010416666666666666,0.044444444444444446,0.04666666666666667,0.41134751773049644,0.40425531914893614,0.7142857142857142,0.6785714285714285,0.25,0.05747126436781609,251.0,0.3598055105348461
Breakfast,Fruit & Maple Oatmeal without Brown Sugar,9.6 oz (251 g),0.13829787234042554,0.03773584905660377,0.03389830508474576,0.03296703296703297,0.07500000000000001,0.0784313725490196,0.0,0.008695652173913044,0.010416666666666666,0.03194444444444444,0.03333333333333333,0.3475177304964539,0.3404255319148936,0.7142857142857142,0.7857142857142857,0.140625,0.05747126436781609,251.0,0.3598055105348461
Beef & Pork,Big Mac,7.4 oz (211 g),0.28191489361702127,0.22641509433962265,0.2288135593220339,0.23076923076923078,0.5,0.47058823529411764,0.4,0.14782608695652175,0.14583333333333331,0.26666666666666666,0.26666666666666666,0.3333333333333333,0.3404255319148936,0.42857142857142855,0.46428571428571425,0.0703125,0.27586206896551724,211.0,0.2949756888168558
Beef & Pork,Quarter Pounder with Cheese,7.1 oz (202 g),0.2765957446808511,0.22641509433962265,0.22033898305084745,0.22527472527472528,0.6000000000000001,0.5980392156862745,0.6000000000000001,0.16521739130434784,0.16145833333333331,0.3055555555555556,0.3066666666666667,0.2907801418439716,0.2978723404255319,0.42857142857142855,0.39285714285714285,0.078125,0.3448275862068966,202.0,0.280388978930308
Beef & Pork,Quarter Pounder with Bacon & Cheese,8 oz (227 g),0.3191489361702128,0.24528301886792453,0.2457627118644068,0.24725274725274726,0.65,0.6176470588235294,0.6000000000000001,0.1826086956521739,0.17708333333333331,0.4,0.4,0.3404255319148936,0.3404255319148936,0.42857142857142855,0.42857142857142855,0.09375,0.42528735632183906,227.0,0.32090761750405195
Beef & Pork,Quarter Pounder with Bacon Habanero Ranch,8.3 oz (235 g),0.324468085106383,0.2641509433962264,0.2627118644067797,0.26373626373626374,0.65,0.6274509803921569,0.6000000000000001,0.1826086956521739,0.18229166666666666,0.3277777777777778,0.32666666666666666,0.326241134751773,0.3191489361702128,0.42857142857142855,0.5,0.078125,0.42528735632183906,235.0,0.33387358184765
Beef & Pork,Quarter Pounder Deluxe,8.6 oz (244 g),0.2872340425531915,0.2358490566037736,0.2288135593220339,0.23076923076923078,0.55,0.5294117647058824,0.6000000000000001,0.14782608695652175,0.14583333333333331,0.26666666666666666,0.26666666666666666,0.3191489361702128,0.3191489361702128,0.42857142857142855,0.46428571428571425,0.0703125,0.3333333333333333,244.0,0.3484602917341978
Beef & Pork,Double Quarter Pounder with Cheese,10 oz (283 g),0.39893617021276595,0.3584905660377358,0.3644067796610169,0.3626373626373627,0.9500000000000001,0.9411764705882353,1.0,0.2782608695652174,0.27604166666666663,0.35555555555555557,0.35333333333333333,0.2978723404255319,0.2978723404255319,0.42857142857142855,0.39285714285714285,0.078125,0.5517241379310345,283.0,0.41166936790923836
Beef & Pork,Hamburger,3.5 oz (98 g),0.1276595744680851,0.0660377358490566,0.06779661016949153,0.06593406593406594,0.15000000000000002,0.14705882352941177,0.0,0.052173913043478265,0.05208333333333333,0.13333333333333333,0.13333333333333333,0.22695035460992907,0.23404255319148937,0.14285714285714285,0.21428571428571427,0.046875,0.13793103448275862,98.0,0.11183144246353324
Beef & Pork,Cheeseburger,4 oz (113 g),0.15425531914893617,0.09433962264150944,0.09322033898305085,0.09890109890109891,0.25,0.2647058823529412,0.2,0.0782608695652174,0.078125,0.18888888888888888,0.18666666666666668,0.23404255319148937,0.23404255319148937,0.2857142857142857,0.25,0.0546875,0.1724137931034483,113.0,0.1361426256077796
Beef & Pork,Double Cheeseburger,5.7 oz (161 g),0.22872340425531915,0.1792452830188679,0.17796610169491525,0.17582417582417584,0.5,0.5098039215686274,0.4,0.1565217391304348,0.15625,0.28888888888888886,0.2866666666666667,0.24822695035460993,0.2553191489361702,0.2857142857142857,0.2857142857142857,0.0546875,0.27586206896551724,161.0,0.21393841166936797
Beef & Pork,Bacon Clubhouse Burger,9.5 oz (270 g),0.3829787234042553,0.33962264150943394,0.3389830508474576,0.34065934065934067,0.75,0.7352941176470588,0.6000000000000001,0.2,0.19791666666666666,0.4083333333333333,0.4066666666666667,0.36170212765957444,0.36170212765957444,0.5714285714285714,0.5,0.109375,0.4482758620689655,270.0,0.3905996758508915
Beef & Pork,McDouble,5.2 oz (147 g),0.2021276595744681,0.14150943396226415,0.1440677966101695,0.14285714285714288,0.4,0.39215686274509803,0.4,0.13043478260869565,0.13020833333333331,0.23333333333333334,0.23333333333333334,0.24113475177304963,0.23404255319148937,0.2857142857142857,0.25,0.0546875,0.25287356321839083,147.0,0.19124797406807134
Beef & Pork,Bacon McDouble,5.7 oz (161 g),0.23404255319148937,0.18867924528301888,0.1864406779661017,0.18681318681318682,0.5,0.4803921568627451,0.4,0.1565217391304348,0.15625,0.30833333333333335,0.3066666666666667,0.24822695035460993,0.2553191489361702,0.2857142857142857,0.25,0.0546875,0.3103448275862069,161.0,0.21393841166936797
Beef & Pork,Daily Double,6.7 oz (190 g),0.22872340425531915,0.18867924528301888,0.1864406779661017,0.19230769230769232,0.45,0.43137254901960786,0.4,0.1391304347826087,0.140625,0.2111111111111111,0.21333333333333335,0.24113475177304963,0.23404255319148937,0.2857142857142857,0.2857142857142857,0.0546875,0.25287356321839083,190.0,0.2609400324149109
Beef & Pork,Jalape√±o Double,5.6 oz (159 g),0.22872340425531915,0.19811320754716982,0.19491525423728814,0.19780219780219782,0.45,0.43137254901960786,0.4,0.1391304347826087,0.140625,0.2861111111111111,0.2866666666666667,0.24822695035460993,0.2553191489361702,0.2857142857142857,0.25,0.046875,0.25287356321839083,159.0,0.21069692058346842
Beef & Pork,McRib,7.3 oz (208 g),0.26595744680851063,0.22641509433962265,0.22033898305084745,0.2197802197802198,0.5,0.47058823529411764,0.0,0.12173913043478261,0.11979166666666666,0.2722222222222222,0.2733333333333334,0.3120567375886525,0.3191489361702128,0.42857142857142855,0.3571428571428571,0.0859375,0.25287356321839083,208.0,0.29011345218800655
Chicken & Fish,Premium Crispy Chicken Classic Sandwich,7.5 oz (213 g),0.2712765957446809,0.18867924528301888,0.1864406779661017,0.18131868131868134,0.17500000000000002,0.1764705882352941,0.0,0.0782608695652174,0.08333333333333333,0.275,0.2733333333333334,0.3900709219858156,0.3829787234042553,0.42857142857142855,0.46428571428571425,0.078125,0.27586206896551724,213.0,0.2982171799027553
Chicken & Fish,Premium Grilled Chicken Classic Sandwich,7 oz (200 g),0.18617021276595744,0.07547169811320754,0.07627118644067797,0.07142857142857144,0.1,0.08823529411764705,0.0,0.11304347826086956,0.11458333333333333,0.22777777777777777,0.22666666666666668,0.2978723404255319,0.2978723404255319,0.42857142857142855,0.46428571428571425,0.0625,0.3218390804597701,200.0,0.2771474878444085
Chicken & Fish,Premium Crispy Chicken Club Sandwich,8.8 oz (249 g),0.35638297872340424,0.2830188679245283,0.2796610169491525,0.2802197802197802,0.45,0.43137254901960786,0.0,0.14782608695652175,0.15104166666666666,0.39166666666666666,0.39333333333333337,0.41134751773049644,0.40425531914893614,0.42857142857142855,0.5,0.0859375,0.41379310344827586,249.0,0.35656401944894656
Chicken & Fish,Premium Grilled Chicken Club Sandwich,8.3 oz (235 g),0.2712765957446809,0.16981132075471697,0.1694915254237288,0.17032967032967034,0.35000000000000003,0.3529411764705882,0.0,0.1826086956521739,0.18229166666666666,0.3472222222222222,0.3466666666666667,0.3120567375886525,0.3191489361702128,0.42857142857142855,0.46428571428571425,0.0703125,0.45977011494252873,235.0,0.33387358184765
Chicken & Fish,Premium Crispy Chicken Ranch BLT Sandwich,8.1 oz (230 g),0.324468085106383,0.2358490566037736,0.23728813559322035,0.23626373626373628,0.30000000000000004,0.30392156862745096,0.0,0.12173913043478261,0.125,0.3888888888888889,0.3866666666666667,0.40425531914893614,0.40425531914893614,0.42857142857142855,0.46428571428571425,0.0859375,0.367816091954023,230.0,0.3257698541329012
Chicken & Fish,Premium Grilled Chicken Ranch BLT Sandwich,7.6 oz (217 g),0.2393617021276596,0.12264150943396226,0.1271186440677966,0.1263736263736264,0.225,0.21568627450980393,0.0,0.1565217391304348,0.15625,0.3416666666666667,0.34,0.3049645390070922,0.2978723404255319,0.42857142857142855,0.46428571428571425,0.0703125,0.41379310344827586,217.0,0.30470016207455436
Chicken & Fish,Bacon Clubhouse Crispy Chicken Sandwich,10 oz (284 g),0.39893617021276595,0.32075471698113206,0.3220338983050847,0.3241758241758242,0.5,0.5,0.2,0.1565217391304348,0.16145833333333331,0.4777777777777778,0.48000000000000004,0.46099290780141844,0.46808510638297873,0.5714285714285714,0.5357142857142857,0.125,0.41379310344827586,284.0,0.41329011345218813
Chicken & Fish,Bacon Clubhouse Grilled Chicken Sandwich,9.5 oz (270 g),0.31382978723404253,0.2169811320754717,0.211864406779661,0.2142857142857143,0.4,0.4117647058823529,0.0,0.19130434782608696,0.19270833333333331,0.43333333333333335,0.43333333333333335,0.36170212765957444,0.36170212765957444,0.5714285714285714,0.5357142857142857,0.109375,0.45977011494252873,270.0,0.3905996758508915
Chicken & Fish,Southern Style Crispy Chicken Sandwich,5.6 oz (160 g),0.22872340425531915,0.16037735849056603,0.16101694915254236,0.15934065934065936,0.15000000000000002,0.14705882352941177,0.0,0.0782608695652174,0.07291666666666666,0.25277777777777777,0.25333333333333335,0.3049645390070922,0.2978723404255319,0.2857142857142857,0.25,0.0546875,0.24137931034482757,160.0,0.2123176661264182
Chicken & Fish,McChicken,5.1 oz (143 g),0.19148936170212766,0.1320754716981132,0.13559322033898305,0.13736263736263737,0.15000000000000002,0.14705882352941177,0.0,0.06086956521739131,0.057291666666666664,0.2222222222222222,0.22,0.2836879432624113,0.2765957446808511,0.2857142857142857,0.25,0.0390625,0.16091954022988506,143.0,0.1847649918962723
Chicken & Fish,Bacon Cheddar McChicken,6 oz (171 g),0.2553191489361702,0.20754716981132076,0.2033898305084746,0.2087912087912088,0.35000000000000003,0.3431372549019608,0.0,0.11304347826086956,0.109375,0.35,0.35333333333333333,0.3049645390070922,0.2978723404255319,0.2857142857142857,0.2857142857142857,0.046875,0.25287356321839083,171.0,0.2301458670988655
Chicken & Fish,Bacon Buffalo Ranch McChicken,5.7 oz (161 g),0.22872340425531915,0.1792452830188679,0.17796610169491525,0.17582417582417584,0.25,0.24509803921568626,0.0,0.08695652173913043,0.08854166666666666,0.35,0.35333333333333333,0.2907801418439716,0.2978723404255319,0.2857142857142857,0.25,0.046875,0.22988505747126436,161.0,0.21393841166936797
Chicken & Fish,Buffalo Ranch McChicken,5.2 oz (148 g),0.19148936170212766,0.14150943396226415,0.13559322033898305,0.13736263736263737,0.15000000000000002,0.1568627450980392,0.0,0.06086956521739131,0.057291666666666664,0.275,0.2733333333333334,0.2836879432624113,0.2765957446808511,0.2857142857142857,0.25,0.0390625,0.16091954022988506,148.0,0.19286871961102112
Chicken & Fish,Premium McWrap Chicken & Bacon (Crispy Chicken),11.1 oz (316 g),0.3351063829787234,0.2641509433962264,0.2711864406779661,0.2692307692307693,0.45,0.4411764705882353,0.2,0.1391304347826087,0.13541666666666666,0.42777777777777776,0.4266666666666667,0.3971631205673759,0.40425531914893614,0.42857142857142855,0.46428571428571425,0.0546875,0.367816091954023,316.0,0.4651539708265804
Chicken & Fish,Premium McWrap Chicken & Bacon (Grilled Chicken),10.7 oz (302 g),0.2553191489361702,0.16037735849056603,0.16101694915254236,0.15384615384615385,0.35000000000000003,0.3529411764705882,0.0,0.16521739130434784,0.16666666666666666,0.38055555555555554,0.38,0.2978723404255319,0.2978723404255319,0.42857142857142855,0.46428571428571425,0.046875,0.41379310344827586,302.0,0.44246353322528376
Chicken & Fish,Premium McWrap Chicken & Ranch (Crispy Chicken),10.9 oz (310 g),0.324468085106383,0.2641509433962264,0.2627118644067797,0.25824175824175827,0.4,0.39215686274509803,0.2,0.11304347826086956,0.109375,0.37222222222222223,0.37333333333333335,0.3971631205673759,0.40425531914893614,0.42857142857142855,0.5,0.0625,0.3103448275862069,310.0,0.45542949756888185
Chicken & Fish,Premium McWrap Chicken & Ranch (Grilled Chicken),10.5 oz (297 g),0.2393617021276596,0.1509433962264151,0.15254237288135594,0.14835164835164835,0.30000000000000004,0.30392156862745096,0.2,0.1391304347826087,0.140625,0.325,0.32666666666666666,0.2978723404255319,0.2978723404255319,0.42857142857142855,0.5,0.046875,0.3448275862068966,297.0,0.43435980551053494
Chicken & Fish,Premium McWrap Southwest Chicken (Crispy Chicken),11.1 oz (314 g),0.35638297872340424,0.2830188679245283,0.2796610169491525,0.2802197802197802,0.4,0.39215686274509803,0.2,0.10434782608695653,0.109375,0.4111111111111111,0.4133333333333334,0.48226950354609927,0.48936170212765956,0.7142857142857142,0.6785714285714285,0.09375,0.3103448275862069,314.0,0.46191247974068084
Chicken & Fish,Premium McWrap Southwest Chicken (Grilled Chicken),11.2 oz (318 g),0.2765957446808511,0.16981132075471697,0.1694915254237288,0.17032967032967034,0.30000000000000004,0.3137254901960784,0.0,0.1391304347826087,0.140625,0.36666666666666664,0.3666666666666667,0.3900709219858156,0.3829787234042553,0.7142857142857142,0.7142857142857142,0.078125,0.3563218390804598,318.0,0.4683954619124798
Chicken & Fish,Premium McWrap Chicken Sweet Chili (Crispy Chicken),10.7 oz (304 g),0.2872340425531915,0.18867924528301888,0.19491525423728814,0.19230769230769232,0.225,0.22549019607843138,0.0,0.08695652173913043,0.08333333333333333,0.35,0.3466666666666667,0.4326241134751773,0.425531914893617,0.42857142857142855,0.46428571428571425,0.109375,0.26436781609195403,304.0,0.44570502431118325
Chicken & Fish,Premium McWrap Chicken Sweet Chili (Grilled Chicken),10.3 oz (291 g),0.2021276595744681,0.08490566037735849,0.0847457627118644,0.08241758241758243,0.15000000000000002,0.13725490196078433,0.0,0.11304347826086956,0.11458333333333333,0.30277777777777776,0.30000000000000004,0.3333333333333333,0.3404255319148936,0.42857142857142855,0.46428571428571425,0.09375,0.3103448275862069,291.0,0.4246353322528364
Chicken & Fish,Chicken McNuggets (4 piece),2.3 oz (65 g),0.10106382978723405,0.10377358490566038,0.1016949152542373,0.09890109890109891,0.1,0.09803921568627451,0.0,0.043478260869565216,0.046875,0.1,0.1,0.0851063829787234,0.0851063829787234,0.14285714285714285,0.07142857142857142,0.0,0.10344827586206896,65.0,0.05834683954619126
Chicken & Fish,Chicken McNuggets (6 piece),3.4 oz (97 g),0.14893617021276595,0.1509433962264151,0.15254237288135594,0.14835164835164835,0.15000000000000002,0.14705882352941177,0.0,0.06956521739130435,0.06770833333333333,0.15,0.14666666666666667,0.1276595744680851,0.1276595744680851,0.14285714285714285,0.14285714285714285,0.0,0.14942528735632182,97.0,0.1102106969205835
Chicken & Fish,Chicken McNuggets (10 piece),5.7 oz (162 g),0.25,0.25471698113207547,0.2542372881355932,0.24725274725274726,0.25,0.24509803921568626,0.0,0.11304347826086956,0.11458333333333333,0.25,0.24666666666666667,0.2127659574468085,0.2127659574468085,0.2857142857142857,0.21428571428571427,0.0,0.25287356321839083,162.0,0.2155591572123177
Chicken & Fish,Chicken McNuggets (20 piece),11.4 oz (323 g),0.5,0.5,0.5,0.5,0.5,0.49019607843137253,0.0,0.23478260869565218,0.22916666666666666,0.5,0.5,0.41843971631205673,0.425531914893617,0.42857142857142855,0.42857142857142855,0.0,0.5057471264367817,323.0,0.4764991896272286
Chicken & Fish,Chicken McNuggets (40 piece),22.8 oz (646 g),1.0,1.0,1.0,1.0,1.0,0.9901960784313726,0.4,0.4608695652173913,0.46354166666666663,1.0,1.0,0.8368794326241135,0.8297872340425532,0.8571428571428571,0.8571428571428571,0.0078125,1.0,646.0,1.0
Chicken & Fish,Filet-O-Fish,5 oz (142 g),0.2074468085106383,0.16037735849056603,0.16101694915254236,0.15934065934065936,0.2,0.18627450980392157,0.0,0.06956521739130435,0.07291666666666666,0.1638888888888889,0.16,0.2765957446808511,0.2765957446808511,0.2857142857142857,0.25,0.0390625,0.1724137931034483,142.0,0.18314424635332255
Salads,Premium Bacon Ranch Salad (without Chicken),7.9 oz (223 g),0.07446808510638298,0.0660377358490566,0.059322033898305086,0.06043956043956045,0.17500000000000002,0.1764705882352941,0.0,0.043478260869565216,0.046875,0.08333333333333333,0.08666666666666667,0.07092198581560283,0.06382978723404255,0.42857142857142855,0.42857142857142855,0.03125,0.10344827586206896,223.0,0.3144246353322529
Salads,Premium Bacon Ranch Salad with Crispy Chicken,9 oz (255 g),0.2021276595744681,0.1792452830188679,0.17796610169491525,0.18131868131868134,0.30000000000000004,0.28431372549019607,0.0,0.12173913043478261,0.11979166666666666,0.2388888888888889,0.24000000000000002,0.15602836879432624,0.14893617021276595,0.2857142857142857,0.3571428571428571,0.0390625,0.28735632183908044,255.0,0.3662884927066451
Salads,Premium Bacon Ranch Salad with Grilled Chicken,8.5 oz (241 g),0.11702127659574468,0.07547169811320754,0.06779661016949153,0.07142857142857144,0.2,0.19607843137254902,0.0,0.14782608695652175,0.15104166666666666,0.19166666666666668,0.19333333333333336,0.05673758865248227,0.06382978723404255,0.2857142857142857,0.3571428571428571,0.03125,0.3333333333333333,241.0,0.3435980551053485
Salads,Premium Southwest Salad (without Chicken),8.1 oz (230 g),0.07446808510638298,0.03773584905660377,0.038135593220338986,0.038461538461538464,0.1,0.08823529411764705,0.0,0.017391304347826087,0.015625,0.041666666666666664,0.04,0.14184397163120566,0.14893617021276595,0.8571428571428571,0.8214285714285714,0.046875,0.06896551724137931,230.0,0.3257698541329012
Salads,Premium Southwest Salad with Crispy Chicken,12.3 oz (348 g),0.2393617021276596,0.1792452830188679,0.1864406779661017,0.18131868131868134,0.225,0.21568627450980393,0.0,0.08695652173913043,0.08854166666666666,0.2361111111111111,0.23333333333333334,0.2978723404255319,0.2978723404255319,1.0,1.0,0.09375,0.26436781609195403,348.0,0.5170178282009725
Salads,Premium Southwest Salad with Grilled Chicken,11.8 oz (335 g),0.15425531914893617,0.07547169811320754,0.06779661016949153,0.07142857142857144,0.125,0.12745098039215685,0.0,0.12173913043478261,0.11979166666666666,0.18888888888888888,0.18666666666666668,0.19858156028368795,0.19148936170212766,1.0,1.0,0.078125,0.3103448275862069,335.0,0.4959481361426257
Snacks & Sides,Chipotle BBQ Snack Wrap (Crispy Chicken),4.6 oz (130 g),0.18085106382978725,0.12264150943396226,0.1271186440677966,0.1263736263736264,0.225,0.21568627450980393,0.0,0.052173913043478265,0.057291666666666664,0.21666666666666667,0.22,0.2624113475177305,0.2553191489361702,0.14285714285714285,0.21428571428571427,0.0625,0.16091954022988506,130.0,0.16369529983792547
Snacks & Sides,Chipotle BBQ Snack Wrap (Grilled Chicken),4.3 oz (123 g),0.13829787234042554,0.0660377358490566,0.06779661016949153,0.07142857142857144,0.17500000000000002,0.1764705882352941,0.0,0.06956521739130435,0.07291666666666666,0.19444444444444445,0.19333333333333336,0.2127659574468085,0.2127659574468085,0.14285714285714285,0.21428571428571427,0.0546875,0.1839080459770115,123.0,0.15235008103727715
Snacks & Sides,Honey Mustard Snack Wrap (Crispy Chicken),4.3 oz (123 g),0.17553191489361702,0.12264150943396226,0.1271186440677966,0.1263736263736264,0.225,0.21568627450980393,0.0,0.06086956521739131,0.057291666666666664,0.20277777777777778,0.2,0.24113475177304963,0.23404255319148937,0.14285714285714285,0.17857142857142855,0.0234375,0.16091954022988506,123.0,0.15235008103727715
Snacks & Sides,Honey Mustard Snack Wrap (Grilled Chicken),4.1 oz (116 g),0.13297872340425532,0.0660377358490566,0.06779661016949153,0.07142857142857144,0.17500000000000002,0.1764705882352941,0.0,0.0782608695652174,0.07291666666666666,0.18055555555555555,0.18000000000000002,0.19148936170212766,0.19148936170212766,0.14285714285714285,0.17857142857142855,0.015625,0.1839080459770115,116.0,0.14100486223662886
Snacks & Sides,Ranch Snack Wrap (Crispy Chicken),4.5 oz (128 g),0.19148936170212766,0.16981132075471697,0.1694915254237288,0.16483516483516486,0.25,0.2647058823529412,0.0,0.06956521739130435,0.06770833333333333,0.225,0.22666666666666668,0.22695035460992907,0.23404255319148937,0.14285714285714285,0.17857142857142855,0.0234375,0.1724137931034483,128.0,0.16045380875202594
Snacks & Sides,Ranch Snack Wrap (Grilled Chicken),4.3 oz (121 g),0.14893617021276595,0.11320754716981132,0.11016949152542373,0.1098901098901099,0.225,0.21568627450980393,0.0,0.0782608695652174,0.08333333333333333,0.2,0.2,0.1773049645390071,0.1702127659574468,0.14285714285714285,0.17857142857142855,0.015625,0.1839080459770115,121.0,0.14910858995137766
Snacks & Sides,Small French Fries,2.6 oz (75 g),0.12234042553191489,0.09433962264150944,0.09322033898305085,0.09340659340659341,0.07500000000000001,0.0784313725490196,0.0,0.0,0.0,0.03611111111111111,0.03333333333333333,0.2127659574468085,0.2127659574468085,0.2857142857142857,0.3571428571428571,0.0,0.022988505747126436,75.0,0.07455429497568881
Snacks & Sides,Medium French Fries,3.9 oz (111 g),0.18085106382978725,0.1320754716981132,0.13559322033898305,0.13186813186813187,0.125,0.10784313725490197,0.0,0.0,0.0,0.05277777777777778,0.05333333333333334,0.3120567375886525,0.3191489361702128,0.5714285714285714,0.5,0.0,0.04597701149425287,111.0,0.13290113452188007
Snacks & Sides,Large French Fries,5.9 oz (168 g),0.2712765957446809,0.20754716981132076,0.2033898305084746,0.20329670329670332,0.17500000000000002,0.16666666666666666,0.0,0.0,0.0,0.08055555555555556,0.08,0.47517730496453897,0.46808510638297873,0.7142857142857142,0.7857142857142857,0.0,0.06896551724137931,168.0,0.22528363047001623
Snacks & Sides,Kids French Fries,1.3 oz (38 g),0.05851063829787234,0.04716981132075472,0.0423728813559322,0.04395604395604396,0.05,0.0392156862745098,0.0,0.0,0.0,0.018055555555555554,0.02,0.10638297872340426,0.10638297872340426,0.14285714285714285,0.17857142857142855,0.0,0.011494252873563218,38.0,0.014586709886547814
Snacks & Sides,Side Salad,3.1 oz (87 g),0.010638297872340425,0.0,0.0,0.0,0.0,0.0,0.0,0.0,0.0,0.002777777777777778,0.0,0.028368794326241134,0.02127659574468085,0.14285714285714285,0.21428571428571427,0.015625,0.011494252873563218,87.0,0.09400324149108591
Snacks & Sides,Apple Slices,1.2 oz (34 g),0.007978723404255319,0.0,0.0,0.0,0.0,0.0,0.0,0.0,0.0,0.0,0.0,0.028368794326241134,0.02127659574468085,0.0,0.0,0.0234375,0.0,34.0,0.008103727714748788
Snacks & Sides,Fruit 'n Yogurt Parfait,5.2 oz (149 g),0.0797872340425532,0.018867924528301886,0.01694915254237288,0.016483516483516484,0.05,0.049019607843137254,0.0,0.008695652173913044,0.010416666666666666,0.019444444444444445,0.02,0.2127659574468085,0.2127659574468085,0.14285714285714285,0.10714285714285714,0.1796875,0.04597701149425287,149.0,0.19448946515397086
Desserts,Baked Apple Pie,2.7 oz (77 g),0.13297872340425532,0.10377358490566038,0.11016949152542373,0.1043956043956044,0.35000000000000003,0.3431372549019608,0.0,0.0,0.0,0.04722222222222222,0.04666666666666667,0.22695035460992907,0.23404255319148937,0.5714285714285714,0.5357142857142857,0.1015625,0.022988505747126436,77.0,0.07779578606158834
Desserts,Chocolate Chip Cookie,1 cookie (33 g),0.0851063829787234,0.0660377358490566,0.06779661016949153,0.06593406593406594,0.17500000000000002,0.18627450980392157,0.0,0.017391304347826087,0.015625,0.025,0.02666666666666667,0.14893617021276595,0.14893617021276595,0.14285714285714285,0.10714285714285714,0.1171875,0.022988505747126436,33.0,0.006482982171799026
Desserts,Oatmeal Raisin Cookie,1 cookie (33 g),0.0797872340425532,0.04716981132075472,0.05084745762711865,0.049450549450549455,0.125,0.12745098039215685,0.0,0.017391304347826087,0.015625,0.0375,0.04,0.15602836879432624,0.14893617021276595,0.14285714285714285,0.10714285714285714,0.1015625,0.022988505747126436,33.0,0.006482982171799026
Desserts,Kids Ice Cream Cone,1 oz (29 g),0.023936170212765957,0.009433962264150943,0.012711864406779662,0.01098901098901099,0.05,0.0392156862745098,0.0,0.008695652173913044,0.010416666666666666,0.005555555555555556,0.006666666666666667,0.04964539007092199,0.0425531914893617,0.0,0.0,0.046875,0.011494252873563218,29.0,0.0
Desserts,Hot Fudge Sundae,6.3 oz (179 g),0.17553191489361702,0.07547169811320754,0.07627118644067797,0.07692307692307693,0.35000000000000003,0.3333333333333333,0.0,0.043478260869565216,0.041666666666666664,0.04722222222222222,0.04666666666666667,0.375886524822695,0.3829787234042553,0.14285714285714285,0.10714285714285714,0.375,0.09195402298850575,179.0,0.2431118314424636
Desserts,Hot Caramel Sundae,6.4 oz (182 g),0.18085106382978725,0.0660377358490566,0.06779661016949153,0.06593406593406594,0.25,0.23529411764705882,0.0,0.052173913043478265,0.05208333333333333,0.041666666666666664,0.04,0.425531914893617,0.425531914893617,0.0,0.0,0.3359375,0.08045977011494253,182.0,0.24797406807131286
Desserts,Strawberry Sundae,6.3 oz (178 g),0.14893617021276595,0.05660377358490566,0.05084745762711865,0.05494505494505495,0.2,0.19607843137254902,0.0,0.043478260869565216,0.041666666666666664,0.02361111111111111,0.02666666666666667,0.3475177304964539,0.3404255319148936,0.0,0.0,0.3515625,0.06896551724137931,178.0,0.24149108589951382
Beverages,Coca-Cola Classic (Small),16 fl oz cup,0.07446808510638298,0.0,0.0,0.0,0.0,0.0,0.0,0.0,0.0,0.0,0.0,0.2765957446808511,0.2765957446808511,0.0,0.0,0.3046875,0.0,,
Beverages,Coca-Cola Classic (Medium),21 fl oz cup,0.10638297872340426,0.0,0.0,0.0,0.0,0.0,0.0,0.0,0.0,0.001388888888888889,0.0,0.3900709219858156,0.3829787234042553,0.0,0.0,0.4296875,0.0,,
Beverages,Coca-Cola Classic (Large),30 fl oz cup,0.14893617021276595,0.0,0.0,0.0,0.0,0.0,0.0,0.0,0.0,0.001388888888888889,0.0,0.5390070921985816,0.5319148936170213,0.0,0.0,0.59375,0.0,,
Beverages,Coca-Cola Classic (Child),12 fl oz cup,0.05319148936170213,0.0,0.0,0.0,0.0,0.0,0.0,0.0,0.0,0.0,0.0,0.19858156028368795,0.19148936170212766,0.0,0.0,0.21875,0.0,,
Beverages,Diet Coke (Small),16 fl oz cup,0.0,0.0,0.0,0.0,0.0,0.0,0.0,0.0,0.0,0.002777777777777778,0.0,0.0,0.0,0.0,0.0,0.0,0.0,,
Beverages,Diet Coke (Medium),21 fl oz cup,0.0,0.0,0.0,0.0,0.0,0.0,0.0,0.0,0.0,0.005555555555555556,0.006666666666666667,0.0,0.0,0.0,0.0,0.0,0.0,,
Beverages,Diet Coke (Large),30 fl oz cup,0.0,0.0,0.0,0.0,0.0,0.0,0.0,0.0,0.0,0.009722222222222222,0.006666666666666667,0.0,0.0,0.0,0.0,0.0,0.0,,
Beverages,Diet Coke (Child),12 fl oz cup,0.0,0.0,0.0,0.0,0.0,0.0,0.0,0.0,0.0,0.004166666666666667,0.006666666666666667,0.0,0.0,0.0,0.0,0.0,0.0,,
Beverages,Dr Pepper (Small),16 fl oz cup,0.07446808510638298,0.0,0.0,0.0,0.0,0.0,0.0,0.0,0.0,0.0125,0.013333333333333334,0.2624113475177305,0.2553191489361702,0.0,0.0,0.2734375,0.0,,
Beverages,Dr Pepper (Medium),21 fl oz cup,0.10106382978723405,0.0,0.0,0.0,0.0,0.0,0.0,0.0,0.0,0.018055555555555554,0.02,0.375886524822695,0.3829787234042553,0.0,0.0,0.3984375,0.0,,
Beverages,Dr Pepper (Large),30 fl oz cup,0.14361702127659576,0.0,0.0,0.0,0.0,0.0,0.0,0.0,0.0,0.025,0.02666666666666667,0.5106382978723404,0.5106382978723404,0.0,0.0,0.546875,0.0,,
Beverages,Dr Pepper (Child),12 fl oz cup,0.05319148936170213,0.0,0.0,0.0,0.0,0.0,0.0,0.0,0.0,0.008333333333333333,0.006666666666666667,0.19148936170212766,0.19148936170212766,0.0,0.0,0.203125,0.0,,
Beverages,Diet Dr Pepper (Small),16 fl oz cup,0.0,0.0,0.0,0.0,0.0,0.0,0.0,0.0,0.0,0.019444444444444445,0.02,0.0,0.0,0.0,0.0,0.0,0.022988505747126436,,
Beverages,Diet Dr Pepper (Medium),21 fl oz cup,0.0,0.0,0.0,0.0,0.0,0.0,0.0,0.0,0.0,0.027777777777777776,0.02666666666666667,0.0,0.0,0.0,0.0,0.0,0.034482758620689655,,
Beverages,Diet Dr Pepper (Large),30 fl oz cup,0.0,0.0,0.0,0.0,0.0,0.0,0.0,0.0,0.0,0.03888888888888889,0.04,0.0,0.0,0.0,0.0,0.0,0.04597701149425287,,
Beverages,Diet Dr Pepper (Child),12 fl oz cup,0.0,0.0,0.0,0.0,0.0,0.0,0.0,0.0,0.0,0.013888888888888888,0.013333333333333334,0.0,0.0,0.0,0.0,0.0,0.011494252873563218,,
Beverages,Sprite (Small),16 fl oz cup,0.07446808510638298,0.0,0.0,0.0,0.0,0.0,0.0,0.0,0.0,0.008333333333333333,0.006666666666666667,0.2624113475177305,0.2553191489361702,0.0,0.0,0.2890625,0.0,,
Beverages,Sprite (Medium),21 fl oz cup,0.10638297872340426,0.0,0.0,0.0,0.0,0.0,0.0,0.0,0.0,0.0125,0.013333333333333334,0.3829787234042553,0.3829787234042553,0.0,0.0,0.421875,0.0,,
Beverages,Sprite (Large),30 fl oz cup,0.14893617021276595,0.0,0.0,0.0,0.0,0.0,0.0,0.0,0.0,0.016666666666666666,0.02,0.524822695035461,0.5319148936170213,0.0,0.0,0.578125,0.0,,
Beverages,Sprite (Child),12 fl oz cup,0.05319148936170213,0.0,0.0,0.0,0.0,0.0,0.0,0.0,0.0,0.006944444444444444,0.006666666666666667,0.19148936170212766,0.19148936170212766,0.0,0.0,0.2109375,0.0,,
Beverages,1% Low Fat Milk Jug,1 carton (236 ml),0.05319148936170213,0.018867924528301886,0.0211864406779661,0.02197802197802198,0.07500000000000001,0.0784313725490196,0.0,0.017391304347826087,0.015625,0.034722222222222224,0.03333333333333333,0.0851063829787234,0.0851063829787234,0.0,0.0,0.09375,0.09195402298850575,,
Beverages,Fat Free Chocolate Milk Jug,1 carton (236 ml),0.06914893617021277,0.0,0.0,0.0,0.0,0.0,0.0,0.008695652173913044,0.010416666666666666,0.0375,0.04,0.1631205673758865,0.1702127659574468,0.14285714285714285,0.07142857142857142,0.171875,0.10344827586206896,,
Beverages,Minute Maid 100% Apple Juice Box,6 fl oz (177 ml),0.0425531914893617,0.0,0.0,0.0,0.0,0.0,0.0,0.0,0.0,0.004166666666666667,0.006666666666666667,0.14893617021276595,0.14893617021276595,0.0,0.0,0.1484375,0.0,,
Beverages,Minute Maid Orange Juice (Small),12 fl oz cup,0.0797872340425532,0.0,0.0,0.0,0.0,0.0,0.0,0.0,0.0,0.0,0.0,0.24113475177304963,0.23404255319148937,0.0,0.0,0.234375,0.022988505747126436,,
Beverages,Minute Maid Orange Juice (Medium),16 fl oz cup,0.10106382978723405,0.0,0.0,0.0,0.0,0.0,0.0,0.0,0.0,0.0,0.0,0.3120567375886525,0.3191489361702128,0.0,0.0,0.3046875,0.034482758620689655,,
Beverages,Minute Maid Orange Juice (Large),22 fl oz cup,0.14893617021276595,0.0,0.0,0.0,0.0,0.0,0.0,0.0,0.0,0.001388888888888889,0.0,0.46099290780141844,0.46808510638297873,0.0,0.0,0.453125,0.04597701149425287,,
Beverages,Dasani Water Bottle,16.9 fl oz,0.0,0.0,0.0,0.0,0.0,0.0,0.0,0.0,0.0,0.0,0.0,0.0,0.0,0.0,0.0,0.0,0.0,,
Coffee & Tea,Iced Tea (Small),16 fl oz cup,0.0,0.0,0.0,0.0,0.0,0.0,0.0,0.0,0.0,0.002777777777777778,0.0,0.0,0.0,0.0,0.0,0.0,0.0,,
Coffee & Tea,Iced Tea (Medium),21 fl oz cup,0.0,0.0,0.0,0.0,0.0,0.0,0.0,0.0,0.0,0.002777777777777778,0.0,0.0,0.0,0.0,0.0,0.0,0.0,,
Coffee & Tea,Iced Tea (Large),30 fl oz cup,0.0,0.0,0.0,0.0,0.0,0.0,0.0,0.0,0.0,0.004166666666666667,0.006666666666666667,0.0,0.0,0.0,0.0,0.0,0.0,,
Coffee & Tea,Iced Tea (Child),12 fl oz cup,0.0,0.0,0.0,0.0,0.0,0.0,0.0,0.0,0.0,0.001388888888888889,0.0,0.0,0.0,0.0,0.0,0.0,0.0,,
Coffee & Tea,Sweet Tea (Small),16 fl oz cup,0.0797872340425532,0.0,0.0,0.0,0.0,0.0,0.0,0.0,0.0,0.002777777777777778,0.0,0.2553191489361702,0.2553191489361702,0.0,0.0,0.28125,0.011494252873563218,,
Coffee & Tea,Sweet Tea (Medium),21 fl oz cup,0.09574468085106383,0.0,0.0,0.0,0.0,0.0,0.0,0.0,0.0,0.002777777777777778,0.0,0.3191489361702128,0.3191489361702128,0.0,0.0,0.3515625,0.011494252873563218,,
Coffee & Tea,Sweet Tea (Large),30 fl oz cup,0.11702127659574468,0.0,0.0,0.0,0.0,0.0,0.0,0.0,0.0,0.002777777777777778,0.006666666666666667,0.3829787234042553,0.3829787234042553,0.0,0.0,0.421875,0.011494252873563218,,
Coffee & Tea,Sweet Tea (Child),12 fl oz cup,0.05851063829787234,0.0,0.0,0.0,0.0,0.0,0.0,0.0,0.0,0.001388888888888889,0.0,0.19148936170212766,0.19148936170212766,0.0,0.0,0.2109375,0.0,,
Coffee & Tea,Coffee (Small),12 fl oz cup,0.0,0.0,0.0,0.0,0.0,0.0,0.0,0.0,0.0,0.0,0.0,0.0,0.0,0.0,0.0,0.0,0.0,,
Coffee & Tea,Coffee (Medium),16 fl oz cup,0.0,0.0,0.0,0.0,0.0,0.0,0.0,0.0,0.0,0.0,0.0,0.0,0.0,0.0,0.0,0.0,0.0,,
Coffee & Tea,Coffee (Large),16 fl oz cup,0.0,0.0,0.0,0.0,0.0,0.0,0.0,0.0,0.0,0.0,0.0,0.0,0.0,0.0,0.0,0.0,0.0,,
Coffee & Tea,Latte (Small),12 fl oz cup,0.09042553191489362,0.07547169811320754,0.07627118644067797,0.07142857142857144,0.25,0.23529411764705882,0.0,0.043478260869565216,0.046875,0.03194444444444444,0.03333333333333333,0.10638297872340426,0.10638297872340426,0.14285714285714285,0.10714285714285714,0.09375,0.10344827586206896,,
Coffee & Tea,Latte (Medium),16 fl oz cup,0.11170212765957448,0.08490566037735849,0.0847457627118644,0.08791208791208792,0.30000000000000004,0.29411764705882354,0.0,0.052173913043478265,0.057291666666666664,0.03888888888888889,0.04,0.1276595744680851,0.1276595744680851,0.14285714285714285,0.14285714285714285,0.1171875,0.12643678160919541,,
Coffee & Tea,Latte (Large),20 fl oz cup,0.14893617021276595,0.11320754716981132,0.11864406779661017,0.11538461538461539,0.4,0.38235294117647056,0.0,0.06956521739130435,0.07291666666666666,0.05,0.05333333333333334,0.1702127659574468,0.1702127659574468,0.14285714285714285,0.21428571428571427,0.15625,0.1724137931034483,,
Coffee & Tea,Caramel Latte (Small),12 fl oz cup,0.14361702127659576,0.07547169811320754,0.07627118644067797,0.07142857142857144,0.25,0.23529411764705882,0.0,0.043478260869565216,0.046875,0.03194444444444444,0.03333333333333333,0.2836879432624113,0.2765957446808511,0.14285714285714285,0.10714285714285714,0.296875,0.10344827586206896,,
Coffee & Tea,Caramel Latte (Medium),16 fl oz cup,0.18085106382978725,0.08490566037735849,0.0847457627118644,0.08791208791208792,0.30000000000000004,0.29411764705882354,0.0,0.052173913043478265,0.057291666666666664,0.03888888888888889,0.04,0.3546099290780142,0.36170212765957444,0.14285714285714285,0.14285714285714285,0.375,0.12643678160919541,,
Coffee & Tea,Caramel Latte (Large),20 fl oz cup,0.22872340425531915,0.11320754716981132,0.11864406779661017,0.11538461538461539,0.4,0.38235294117647056,0.0,0.06956521739130435,0.07291666666666666,0.05,0.05333333333333334,0.43971631205673756,0.44680851063829785,0.14285714285714285,0.21428571428571427,0.4609375,0.1724137931034483,,
Coffee & Tea,Hazelnut Latte (Small),12 fl oz cup,0.14361702127659576,0.07547169811320754,0.07627118644067797,0.07142857142857144,0.25,0.23529411764705882,0.0,0.043478260869565216,0.046875,0.03194444444444444,0.03333333333333333,0.2836879432624113,0.2765957446808511,0.14285714285714285,0.10714285714285714,0.296875,0.10344827586206896,,
Coffee & Tea,Hazelnut Latte (Medium),16 fl oz cup,0.17553191489361702,0.08490566037735849,0.0847457627118644,0.08791208791208792,0.30000000000000004,0.29411764705882354,0.0,0.052173913043478265,0.057291666666666664,0.03888888888888889,0.04,0.3546099290780142,0.36170212765957444,0.14285714285714285,0.14285714285714285,0.3671875,0.12643678160919541,,
Coffee & Tea,Hazelnut Latte (Large),20 fl oz cup,0.22872340425531915,0.11320754716981132,0.11864406779661017,0.11538461538461539,0.4,0.38235294117647056,0.0,0.06956521739130435,0.07291666666666666,0.05,0.05333333333333334,0.43971631205673756,0.44680851063829785,0.14285714285714285,0.21428571428571427,0.453125,0.1724137931034483,,
Coffee & Tea,French Vanilla Latte (Small),12 fl oz cup,0.13829787234042554,0.07547169811320754,0.07627118644067797,0.07142857142857144,0.25,0.23529411764705882,0.0,0.043478260869565216,0.046875,0.03194444444444444,0.03333333333333333,0.2695035460992908,0.2765957446808511,0.14285714285714285,0.10714285714285714,0.28125,0.10344827586206896,,
Coffee & Tea,French Vanilla Latte (Medium),16 fl oz cup,0.17553191489361702,0.08490566037735849,0.0847457627118644,0.08791208791208792,0.30000000000000004,0.29411764705882354,0.0,0.052173913043478265,0.057291666666666664,0.03888888888888889,0.04,0.3404255319148936,0.3404255319148936,0.14285714285714285,0.14285714285714285,0.3515625,0.12643678160919541,,
Coffee & Tea,French Vanilla Latte (Large),20 fl oz cup,0.22340425531914895,0.11320754716981132,0.11864406779661017,0.11538461538461539,0.4,0.38235294117647056,0.0,0.06956521739130435,0.07291666666666666,0.05277777777777778,0.05333333333333334,0.425531914893617,0.425531914893617,0.14285714285714285,0.21428571428571427,0.4375,0.1724137931034483,,
Coffee & Tea,Latte with Sugar Free French Vanilla Syrup (Small),12 fl oz cup,0.11170212765957448,0.07547169811320754,0.07627118644067797,0.07142857142857144,0.25,0.23529411764705882,0.0,0.043478260869565216,0.046875,0.041666666666666664,0.04,0.1702127659574468,0.1702127659574468,0.14285714285714285,0.14285714285714285,0.09375,0.10344827586206896,,
Coffee & Tea,Latte with Sugar Free French Vanilla Syrup (Medium),16 fl oz cup,0.13829787234042554,0.08490566037735849,0.0847457627118644,0.08791208791208792,0.30000000000000004,0.29411764705882354,0.0,0.052173913043478265,0.057291666666666664,0.05277777777777778,0.05333333333333334,0.20567375886524822,0.2127659574468085,0.14285714285714285,0.17857142857142855,0.1171875,0.13793103448275862,,
Coffee & Tea,Latte with Sugar Free French Vanilla Syrup (Large),20 fl oz cup,0.17553191489361702,0.11320754716981132,0.11864406779661017,0.11538461538461539,0.4,0.38235294117647056,0.0,0.06956521739130435,0.07291666666666666,0.06666666666666667,0.06666666666666667,0.2624113475177305,0.2553191489361702,0.2857142857142857,0.25,0.15625,0.1724137931034483,,
Coffee & Tea,Nonfat Latte (Small),12 fl oz cup,0.05319148936170213,0.0,0.0,0.0,0.0,0.0,0.0,0.008695652173913044,0.010416666666666666,0.030555555555555555,0.03333333333333333,0.10638297872340426,0.10638297872340426,0.14285714285714285,0.10714285714285714,0.1015625,0.11494252873563218,,
Coffee & Tea,Nonfat Latte (Medium),16 fl oz cup,0.06914893617021277,0.0,0.0,0.0,0.0,0.0,0.0,0.008695652173913044,0.010416666666666666,0.0375,0.04,0.1347517730496454,0.1276595744680851,0.14285714285714285,0.14285714285714285,0.125,0.13793103448275862,,
Coffee & Tea,Nonfat Latte (Large),20 fl oz cup,0.09042553191489362,0.0,0.00423728813559322,0.005494505494505495,0.0,0.0,0.0,0.017391304347826087,0.015625,0.05,0.04666666666666667,0.1773049645390071,0.1702127659574468,0.14285714285714285,0.21428571428571427,0.1640625,0.1839080459770115,,
Coffee & Tea,Nonfat Caramel Latte (Small),12 fl oz cup,0.10638297872340426,0.0,0.0,0.0,0.0,0.0,0.0,0.008695652173913044,0.010416666666666666,0.030555555555555555,0.03333333333333333,0.2907801418439716,0.2978723404255319,0.14285714285714285,0.10714285714285714,0.3046875,0.11494252873563218,,
Coffee & Tea,Nonfat Caramel Latte (Medium),16 fl oz cup,0.13297872340425532,0.0,0.0,0.0,0.0,0.0,0.0,0.008695652173913044,0.010416666666666666,0.0375,0.04,0.36170212765957444,0.36170212765957444,0.14285714285714285,0.14285714285714285,0.375,0.13793103448275862,,
Coffee & Tea,Nonfat Caramel Latte (Large),20 fl oz cup,0.1648936170212766,0.0,0.00423728813559322,0.005494505494505495,0.0,0.0,0.0,0.017391304347826087,0.015625,0.05,0.04666666666666667,0.44680851063829785,0.44680851063829785,0.14285714285714285,0.21428571428571427,0.4609375,0.1839080459770115,,
Coffee & Tea,Nonfat Hazelnut Latte (Small),12 fl oz cup,0.10638297872340426,0.0,0.0,0.0,0.0,0.0,0.0,0.008695652173913044,0.010416666666666666,0.030555555555555555,0.03333333333333333,0.2836879432624113,0.2765957446808511,0.14285714285714285,0.10714285714285714,0.296875,0.11494252873563218,,
Coffee & Tea,Nonfat Hazelnut Latte (Medium),16 fl oz cup,0.13297872340425532,0.0,0.0,0.0,0.0,0.0,0.0,0.008695652173913044,0.010416666666666666,0.0375,0.04,0.36170212765957444,0.36170212765957444,0.14285714285714285,0.14285714285714285,0.375,0.13793103448275862,,
Coffee & Tea,Nonfat Hazelnut Latte (Large),20 fl oz cup,0.1648936170212766,0.0,0.00423728813559322,0.005494505494505495,0.0,0.0,0.0,0.017391304347826087,0.015625,0.05,0.04666666666666667,0.44680851063829785,0.44680851063829785,0.14285714285714285,0.21428571428571427,0.4609375,0.1839080459770115,,
Coffee & Tea,Nonfat French Vanilla Latte (Small),12 fl oz cup,0.10106382978723405,0.0,0.0,0.0,0.0,0.0,0.0,0.008695652173913044,0.010416666666666666,0.03194444444444444,0.03333333333333333,0.2765957446808511,0.2765957446808511,0.14285714285714285,0.10714285714285714,0.2890625,0.11494252873563218,,
Coffee & Tea,Nonfat French Vanilla Latte (Medium),16 fl oz cup,0.1276595744680851,0.0,0.0,0.0,0.0,0.0,0.0,0.008695652173913044,0.010416666666666666,0.03888888888888889,0.04,0.3475177304964539,0.3404255319148936,0.14285714285714285,0.14285714285714285,0.359375,0.13793103448275862,,
Coffee & Tea,Nonfat French Vanilla Latte (Large),20 fl oz cup,0.1595744680851064,0.0,0.00423728813559322,0.005494505494505495,0.0,0.0,0.0,0.017391304347826087,0.015625,0.05,0.05333333333333334,0.425531914893617,0.425531914893617,0.14285714285714285,0.21428571428571427,0.4375,0.1839080459770115,,
Coffee & Tea,Nonfat Latte with Sugar Free French Vanilla Syrup (Small),12 fl oz cup,0.07446808510638298,0.0,0.0,0.0,0.0,0.0,0.0,0.008695652173913044,0.010416666666666666,0.041666666666666664,0.04,0.1702127659574468,0.1702127659574468,0.14285714285714285,0.14285714285714285,0.1015625,0.11494252873563218,,
Coffee & Tea,Nonfat Latte with Sugar Free French Vanilla Syrup (Medium),16 fl oz cup,0.09042553191489362,0.0,0.0,0.0,0.0,0.0,0.0,0.008695652173913044,0.010416666666666666,0.05,0.05333333333333334,0.2127659574468085,0.2127659574468085,0.14285714285714285,0.17857142857142855,0.125,0.13793103448275862,,
Coffee & Tea,Nonfat Latte with Sugar Free French Vanilla Syrup (Large),20 fl oz cup,0.11702127659574468,0.0,0.00423728813559322,0.005494505494505495,0.0,0.0,0.0,0.017391304347826087,0.015625,0.06666666666666667,0.06666666666666667,0.2695035460992908,0.2765957446808511,0.2857142857142857,0.25,0.1640625,0.1839080459770115,,
Coffee & Tea,Mocha (Small),12 fl oz cup,0.18085106382978725,0.09433962264150944,0.09322033898305085,0.09890109890109891,0.35000000000000003,0.3333333333333333,0.0,0.06086956521739131,0.0625,0.041666666666666664,0.04,0.3475177304964539,0.3404255319148936,0.2857142857142857,0.21428571428571427,0.328125,0.11494252873563218,,
Coffee & Tea,Mocha (Medium),16 fl oz cup,0.21808510638297873,0.11320754716981132,0.11864406779661017,0.11538461538461539,0.4,0.39215686274509803,0.0,0.06956521739130435,0.07291666666666666,0.05277777777777778,0.05333333333333334,0.425531914893617,0.425531914893617,0.2857142857142857,0.2857142857142857,0.4140625,0.14942528735632182,,
Coffee & Tea,Mocha (Large),20 fl oz cup,0.26595744680851063,0.14150943396226415,0.1440677966101695,0.14285714285714288,0.5,0.4803921568627451,0.2,0.08695652173913043,0.08854166666666666,0.06666666666666667,0.06666666666666667,0.5106382978723404,0.5106382978723404,0.2857142857142857,0.3571428571428571,0.4921875,0.1839080459770115,,
Coffee & Tea,Mocha with Nonfat Milk (Small),12 fl oz cup,0.14361702127659576,0.02830188679245283,0.029661016949152543,0.027472527472527476,0.1,0.10784313725490197,0.0,0.026086956521739132,0.026041666666666664,0.041666666666666664,0.04,0.3475177304964539,0.3404255319148936,0.2857142857142857,0.21428571428571427,0.3359375,0.12643678160919541,,
Coffee & Tea,Mocha with Nonfat Milk (Medium),16 fl oz cup,0.17553191489361702,0.02830188679245283,0.029661016949152543,0.03296703296703297,0.1,0.10784313725490197,0.0,0.026086956521739132,0.026041666666666664,0.05277777777777778,0.05333333333333334,0.425531914893617,0.425531914893617,0.2857142857142857,0.2857142857142857,0.4140625,0.14942528735632182,,
Coffee & Tea,Mocha with Nonfat Milk (Large),20 fl oz cup,0.2074468085106383,0.0330188679245283,0.03389830508474576,0.03296703296703297,0.125,0.11764705882352941,0.0,0.034782608695652174,0.03125,0.06666666666666667,0.06666666666666667,0.5177304964539007,0.5106382978723404,0.2857142857142857,0.3571428571428571,0.5,0.1954022988505747,,
Coffee & Tea,Caramel Mocha (Small),12 fl oz cup,0.1702127659574468,0.09433962264150944,0.09322033898305085,0.09340659340659341,0.35000000000000003,0.3235294117647059,0.0,0.06086956521739131,0.0625,0.04722222222222222,0.04666666666666667,0.3191489361702128,0.3191489361702128,0.14285714285714285,0.10714285714285714,0.3125,0.11494252873563218,,
Coffee & Tea,Caramel Mocha (Medium),16 fl oz cup,0.2074468085106383,0.11320754716981132,0.11864406779661017,0.11538461538461539,0.4,0.39215686274509803,0.2,0.06956521739130435,0.07291666666666666,0.06111111111111111,0.060000000000000005,0.3900709219858156,0.3829787234042553,0.14285714285714285,0.14285714285714285,0.390625,0.13793103448275862,,
Coffee & Tea,Caramel Mocha (Large),20 fl oz cup,0.2553191489361702,0.14150943396226415,0.1440677966101695,0.14285714285714288,0.5,0.4803921568627451,0.2,0.08695652173913043,0.08854166666666666,0.075,0.07333333333333333,0.46808510638297873,0.46808510638297873,0.14285714285714285,0.17857142857142855,0.46875,0.1839080459770115,,
Coffee & Tea,Nonfat Caramel Mocha (Small),12 fl oz cup,0.13297872340425532,0.02830188679245283,0.029661016949152543,0.027472527472527476,0.1,0.09803921568627451,0.0,0.026086956521739132,0.026041666666666664,0.04722222222222222,0.04666666666666667,0.3191489361702128,0.3191489361702128,0.14285714285714285,0.10714285714285714,0.3203125,0.11494252873563218,,
Coffee & Tea,Nonfat Caramel Mocha (Medium),16 fl oz cup,0.1648936170212766,0.02830188679245283,0.029661016949152543,0.027472527472527476,0.1,0.10784313725490197,0.0,0.026086956521739132,0.026041666666666664,0.058333333333333334,0.060000000000000005,0.3971631205673759,0.40425531914893614,0.14285714285714285,0.14285714285714285,0.3984375,0.14942528735632182,,
Coffee & Tea,Nonfat Caramel Mocha (Large),20 fl oz cup,0.19680851063829788,0.0330188679245283,0.029661016949152543,0.03296703296703297,0.125,0.10784313725490197,0.0,0.034782608695652174,0.03125,0.075,0.07333333333333333,0.47517730496453897,0.46808510638297873,0.14285714285714285,0.17857142857142855,0.4765625,0.1954022988505747,,
Coffee & Tea,Hot Chocolate (Small),12 fl oz cup,0.19148936170212766,0.11320754716981132,0.11016949152542373,0.11538461538461539,0.4,0.38235294117647056,0.0,0.06956521739130435,0.07291666666666666,0.05,0.05333333333333334,0.3546099290780142,0.36170212765957444,0.14285714285714285,0.10714285714285714,0.3515625,0.12643678160919541,,
Coffee & Tea,Hot Chocolate (Medium),16 fl oz cup,0.23404255319148937,0.1320754716981132,0.13559322033898305,0.13736263736263737,0.45,0.46078431372549017,0.2,0.08695652173913043,0.08333333333333333,0.06111111111111111,0.060000000000000005,0.4326241134751773,0.425531914893617,0.14285714285714285,0.14285714285714285,0.4375,0.16091954022988506,,
Coffee & Tea,Hot Chocolate (Large),20 fl oz cup,0.2872340425531915,0.16981132075471697,0.1694915254237288,0.17032967032967034,0.6000000000000001,0.5686274509803921,0.2,0.10434782608695653,0.10416666666666666,0.07777777777777778,0.08,0.5177304964539007,0.5106382978723404,0.14285714285714285,0.17857142857142855,0.53125,0.1954022988505747,,
Coffee & Tea,Hot Chocolate with Nonfat Milk (Small),12 fl oz cup,0.14893617021276595,0.02830188679245283,0.029661016949152543,0.027472527472527476,0.1,0.10784313725490197,0.0,0.026086956521739132,0.026041666666666664,0.05,0.04666666666666667,0.3546099290780142,0.36170212765957444,0.14285714285714285,0.10714285714285714,0.359375,0.13793103448275862,,
Coffee & Tea,Hot Chocolate with Nonfat Milk (Medium),16 fl oz cup,0.18085106382978725,0.02830188679245283,0.029661016949152543,0.027472527472527476,0.1,0.10784313725490197,0.0,0.026086956521739132,0.03125,0.06111111111111111,0.060000000000000005,0.4326241134751773,0.425531914893617,0.14285714285714285,0.14285714285714285,0.4453125,0.16091954022988506,,
Coffee & Tea,Hot Chocolate with Nonfat Milk (Large),20 fl oz cup,0.2127659574468085,0.0330188679245283,0.029661016949152543,0.03296703296703297,0.125,0.11764705882352941,0.0,0.034782608695652174,0.03645833333333333,0.07777777777777778,0.08,0.524822695035461,0.5319148936170213,0.14285714285714285,0.17857142857142855,0.5390625,0.21839080459770116,,
Coffee & Tea,Regular Iced Coffee (Small),16 fl oz cup,0.07446808510638298,0.03773584905660377,0.038135593220338986,0.038461538461538464,0.15000000000000002,0.14705882352941177,0.0,0.026086956521739132,0.03125,0.009722222222222222,0.006666666666666667,0.1631205673758865,0.1702127659574468,0.0,0.0,0.171875,0.011494252873563218,,
Coffee & Tea,Regular Iced Coffee (Medium),22 fl oz cup,0.10106382978723405,0.05660377358490566,0.059322033898305086,0.06043956043956045,0.225,0.21568627450980393,0.0,0.043478260869565216,0.046875,0.013888888888888888,0.013333333333333334,0.21985815602836878,0.2127659574468085,0.0,0.0,0.234375,0.011494252873563218,,
Coffee & Tea,Regular Iced Coffee (Large),32 fl oz cup,0.14361702127659576,0.07547169811320754,0.07627118644067797,0.07692307692307693,0.30000000000000004,0.28431372549019607,0.0,0.06086956521739131,0.0625,0.020833333333333332,0.02,0.3333333333333333,0.3404255319148936,0.0,0.0,0.3515625,0.022988505747126436,,
Coffee & Tea,Caramel Iced Coffee (Small),16 fl oz cup,0.06914893617021277,0.03773584905660377,0.038135593220338986,0.038461538461538464,0.15000000000000002,0.14705882352941177,0.0,0.026086956521739132,0.03125,0.009722222222222222,0.013333333333333334,0.15602836879432624,0.14893617021276595,0.0,0.0,0.1640625,0.011494252873563218,,
Coffee & Tea,Caramel Iced Coffee (Medium),22 fl oz cup,0.09574468085106383,0.05660377358490566,0.059322033898305086,0.06043956043956045,0.225,0.21568627450980393,0.0,0.043478260869565216,0.046875,0.013888888888888888,0.013333333333333334,0.20567375886524822,0.2127659574468085,0.0,0.0,0.21875,0.011494252873563218,,
Coffee & Tea,Caramel Iced Coffee (Large),32 fl oz cup,0.13829787234042554,0.07547169811320754,0.07627118644067797,0.07692307692307693,0.30000000000000004,0.28431372549019607,0.0,0.06086956521739131,0.0625,0.018055555555555554,0.02,0.3049645390070922,0.2978723404255319,0.0,0.0,0.328125,0.022988505747126436,,
Coffee & Tea,Hazelnut Iced Coffee (Small),16 fl oz cup,0.06914893617021277,0.03773584905660377,0.038135593220338986,0.038461538461538464,0.15000000000000002,0.14705882352941177,0.0,0.026086956521739132,0.03125,0.009722222222222222,0.006666666666666667,0.14893617021276595,0.14893617021276595,0.0,0.0,0.15625,0.011494252873563218,,
Coffee & Tea,Hazelnut Iced Coffee (Medium),22 fl oz cup,0.09574468085106383,0.05660377358490566,0.059322033898305086,0.06043956043956045,0.225,0.21568627450980393,0.0,0.043478260869565216,0.046875,0.013888888888888888,0.013333333333333334,0.20567375886524822,0.2127659574468085,0.0,0.0,0.21875,0.011494252873563218,,
Coffee & Tea,Hazelnut Iced Coffee (Large),32 fl oz cup,0.13297872340425532,0.07547169811320754,0.07627118644067797,0.07692307692307693,0.30000000000000004,0.28431372549019607,0.0,0.06086956521739131,0.0625,0.020833333333333332,0.02,0.3049645390070922,0.2978723404255319,0.0,0.0,0.3203125,0.022988505747126436,,
Coffee & Tea,French Vanilla Iced Coffee (Small),16 fl oz cup,0.06382978723404255,0.03773584905660377,0.038135593220338986,0.038461538461538464,0.15000000000000002,0.14705882352941177,0.0,0.026086956521739132,0.03125,0.011111111111111112,0.013333333333333334,0.14184397163120566,0.14893617021276595,0.0,0.0,0.1484375,0.011494252873563218,,
Coffee & Tea,French Vanilla Iced Coffee (Medium),22 fl oz cup,0.09042553191489362,0.05660377358490566,0.059322033898305086,0.06043956043956045,0.225,0.21568627450980393,0.0,0.043478260869565216,0.046875,0.015277777777777777,0.013333333333333334,0.19148936170212766,0.19148936170212766,0.0,0.0,0.203125,0.011494252873563218,,
Coffee & Tea,French Vanilla Iced Coffee (Large),32 fl oz cup,0.1276595744680851,0.07547169811320754,0.07627118644067797,0.07692307692307693,0.30000000000000004,0.28431372549019607,0.0,0.06086956521739131,0.0625,0.022222222222222223,0.02,0.2907801418439716,0.2978723404255319,0.0,0.0,0.3046875,0.022988505747126436,,
Coffee & Tea,Iced Coffee with Sugar Free French Vanilla Syrup (Small),16 fl oz cup,0.0425531914893617,0.03773584905660377,0.038135593220338986,0.038461538461538464,0.15000000000000002,0.14705882352941177,0.0,0.026086956521739132,0.03125,0.018055555555555554,0.02,0.06382978723404255,0.06382978723404255,0.0,0.0,0.0078125,0.011494252873563218,,
Coffee & Tea,Iced Coffee with Sugar Free French Vanilla Syrup (Medium),22 fl oz cup,0.06382978723404255,0.05660377358490566,0.059322033898305086,0.06043956043956045,0.225,0.21568627450980393,0.0,0.043478260869565216,0.046875,0.025,0.02666666666666667,0.0851063829787234,0.0851063829787234,0.0,0.0,0.015625,0.011494252873563218,,
Coffee & Tea,Iced Coffee with Sugar Free French Vanilla Syrup (Large),32 fl oz cup,0.0851063829787234,0.07547169811320754,0.07627118644067797,0.07692307692307693,0.30000000000000004,0.28431372549019607,0.0,0.06086956521739131,0.0625,0.0375,0.04,0.1276595744680851,0.1276595744680851,0.0,0.0,0.015625,0.022988505747126436,,
Coffee & Tea,Iced Mocha (Small),12 fl oz cup,0.15425531914893617,0.09433962264150944,0.09322033898305085,0.09340659340659341,0.35000000000000003,0.3235294117647059,0.0,0.06086956521739131,0.0625,0.034722222222222224,0.03333333333333333,0.2907801418439716,0.2978723404255319,0.14285714285714285,0.14285714285714285,0.265625,0.09195402298850575,,
Coffee & Tea,Iced Mocha (Medium),16 fl oz cup,0.18617021276595744,0.10377358490566038,0.11016949152542373,0.1043956043956044,0.4,0.37254901960784315,0.0,0.06956521739130435,0.06770833333333333,0.041666666666666664,0.04,0.3546099290780142,0.36170212765957444,0.14285714285714285,0.17857142857142855,0.3359375,0.10344827586206896,,
Coffee & Tea,Iced Mocha (Large),22 fl oz cup,0.2553191489361702,0.14150943396226415,0.13559322033898305,0.13736263736263737,0.5,0.4803921568627451,0.2,0.08695652173913043,0.08854166666666666,0.06111111111111111,0.060000000000000005,0.49645390070921985,0.48936170212765956,0.2857142857142857,0.2857142857142857,0.484375,0.16091954022988506,,
Coffee & Tea,Iced Mocha with Nonfat Milk (Small),12 fl oz cup,0.1276595744680851,0.04245283018867924,0.0423728813559322,0.04395604395604396,0.15000000000000002,0.1568627450980392,0.0,0.034782608695652174,0.03645833333333333,0.034722222222222224,0.03333333333333333,0.2907801418439716,0.2978723404255319,0.14285714285714285,0.14285714285714285,0.2734375,0.09195402298850575,,
Coffee & Tea,Iced Mocha with Nonfat Milk (Medium),16 fl oz cup,0.15425531914893617,0.04245283018867924,0.0423728813559322,0.04395604395604396,0.17500000000000002,0.16666666666666666,0.0,0.034782608695652174,0.03645833333333333,0.041666666666666664,0.04,0.3546099290780142,0.36170212765957444,0.14285714285714285,0.17857142857142855,0.3359375,0.11494252873563218,,
Coffee & Tea,Iced Mocha with Nonfat Milk (Large),22 fl oz cup,0.2074468085106383,0.04716981132075472,0.05084745762711865,0.049450549450549455,0.17500000000000002,0.1764705882352941,0.0,0.043478260869565216,0.041666666666666664,0.06111111111111111,0.060000000000000005,0.5035460992907801,0.5106382978723404,0.2857142857142857,0.2857142857142857,0.484375,0.16091954022988506,,
Coffee & Tea,Iced Caramel Mocha (Small),12 fl oz cup,0.14893617021276595,0.09433962264150944,0.09322033898305085,0.09340659340659341,0.35000000000000003,0.3235294117647059,0.0,0.06086956521739131,0.0625,0.03888888888888889,0.04,0.2695035460992908,0.2765957446808511,0.0,0.0,0.2578125,0.09195402298850575,,
Coffee & Tea,Iced Caramel Mocha (Medium),16 fl oz cup,0.18085106382978725,0.10377358490566038,0.11016949152542373,0.1043956043956044,0.35000000000000003,0.3627450980392157,0.0,0.06956521739130435,0.06770833333333333,0.04722222222222222,0.04666666666666667,0.326241134751773,0.3191489361702128,0.14285714285714285,0.07142857142857142,0.3203125,0.10344827586206896,,
Coffee & Tea,Iced Caramel Mocha (Large),22 fl oz cup,0.24468085106382978,0.14150943396226415,0.13559322033898305,0.13736263736263737,0.5,0.47058823529411764,0.2,0.08695652173913043,0.08854166666666666,0.06944444444444445,0.06666666666666667,0.46099290780141844,0.46808510638297873,0.14285714285714285,0.10714285714285714,0.4609375,0.14942528735632182,,
Coffee & Tea,Iced Nonfat Caramel Mocha (Small),12 fl oz cup,0.12234042553191489,0.04245283018867924,0.0423728813559322,0.04395604395604396,0.15000000000000002,0.1568627450980392,0.0,0.034782608695652174,0.03645833333333333,0.03888888888888889,0.04,0.2695035460992908,0.2765957446808511,0.0,0.0,0.2578125,0.09195402298850575,,
Coffee & Tea,Iced Nonfat Caramel Mocha (Medium),16 fl oz cup,0.14361702127659576,0.04245283018867924,0.0423728813559322,0.04395604395604396,0.15000000000000002,0.1568627450980392,0.0,0.034782608695652174,0.03645833333333333,0.04722222222222222,0.04666666666666667,0.3333333333333333,0.3404255319148936,0.14285714285714285,0.07142857142857142,0.3203125,0.11494252873563218,,
Coffee & Tea,Iced Nonfat Caramel Mocha (Large),22 fl oz cup,0.19680851063829788,0.04716981132075472,0.05084745762711865,0.04395604395604396,0.17500000000000002,0.16666666666666666,0.0,0.043478260869565216,0.041666666666666664,0.06944444444444445,0.06666666666666667,0.46099290780141844,0.46808510638297873,0.14285714285714285,0.10714285714285714,0.4609375,0.16091954022988506,,
Coffee & Tea,Frapp√© Mocha (Small),12 fl oz cup,0.2393617021276596,0.1509433962264151,0.15254237288135594,0.15384615384615385,0.6000000000000001,0.5784313725490196,0.4,0.11304347826086956,0.109375,0.034722222222222224,0.03333333333333333,0.46099290780141844,0.46808510638297873,0.14285714285714285,0.10714285714285714,0.4453125,0.08045977011494253,,
Coffee & Tea,Frapp√© Mocha (Medium),16 fl oz cup,0.2925531914893617,0.18867924528301888,0.1864406779661017,0.18681318681318682,0.7000000000000001,0.696078431372549,0.4,0.13043478260869565,0.13020833333333331,0.044444444444444446,0.04666666666666667,0.5673758865248226,0.5744680851063829,0.14285714285714285,0.14285714285714285,0.5546875,0.10344827586206896,,
Coffee & Tea,Frapp√© Mocha (Large),22 fl oz cup,0.35638297872340424,0.22641509433962265,0.22033898305084745,0.22527472527472528,0.8500000000000001,0.8333333333333334,0.4,0.1565217391304348,0.15625,0.05277777777777778,0.05333333333333334,0.6950354609929078,0.7021276595744681,0.14285714285714285,0.14285714285714285,0.6875,0.12643678160919541,,
Coffee & Tea,Frapp√© Caramel (Small),12 fl oz cup,0.2393617021276596,0.16037735849056603,0.16101694915254236,0.15934065934065936,0.6000000000000001,0.5882352941176471,0.4,0.11304347826086956,0.11458333333333333,0.034722222222222224,0.03333333333333333,0.45390070921985815,0.44680851063829785,0.0,0.0,0.4453125,0.08045977011494253,,
Coffee & Tea,Frapp√© Caramel (Medium),16 fl oz cup,0.2925531914893617,0.18867924528301888,0.19491525423728814,0.19230769230769232,0.75,0.7156862745098039,0.4,0.1391304347826087,0.140625,0.044444444444444446,0.04666666666666667,0.5602836879432624,0.5531914893617021,0.0,0.0,0.5546875,0.10344827586206896,,
Coffee & Tea,Frapp√© Caramel (Large),22 fl oz cup,0.35638297872340424,0.2358490566037736,0.2288135593220339,0.23076923076923078,0.8500000000000001,0.8529411764705882,0.6000000000000001,0.16521739130434784,0.16666666666666666,0.05277777777777778,0.05333333333333334,0.6808510638297872,0.6808510638297872,0.0,0.0,0.6875,0.12643678160919541,,
Coffee & Tea,Frapp√© Chocolate Chip (Small),12 fl oz cup,0.28191489361702127,0.18867924528301888,0.19491525423728814,0.19230769230769232,0.7000000000000001,0.7058823529411764,0.4,0.11304347826086956,0.11458333333333333,0.0375,0.04,0.5390070921985816,0.5319148936170213,0.14285714285714285,0.17857142857142855,0.5234375,0.09195402298850575,,
Coffee & Tea,Frapp√© Chocolate Chip (Medium),16 fl oz cup,0.3351063829787234,0.22641509433962265,0.22033898305084745,0.22527472527472528,0.8500000000000001,0.8333333333333334,0.4,0.1391304347826087,0.13541666666666666,0.044444444444444446,0.04666666666666667,0.6453900709219857,0.6382978723404256,0.14285714285714285,0.17857142857142855,0.6328125,0.10344827586206896,,
Coffee & Tea,Frapp√© Chocolate Chip (Large),22 fl oz cup,0.4042553191489362,0.2641509433962264,0.2627118644067797,0.26373626373626374,1.0,0.9901960784313726,0.6000000000000001,0.16521739130434784,0.16666666666666666,0.05555555555555555,0.05333333333333334,0.7872340425531915,0.7872340425531915,0.14285714285714285,0.17857142857142855,0.7734375,0.13793103448275862,,
Smoothies & Shakes,Blueberry Pomegranate Smoothie (Small),12 fl oz cup,0.11702127659574468,0.0047169811320754715,0.00423728813559322,0.005494505494505495,0.0,0.0,0.0,0.008695652173913044,0.005208333333333333,0.011111111111111112,0.013333333333333334,0.3546099290780142,0.36170212765957444,0.42857142857142855,0.42857142857142855,0.34375,0.022988505747126436,,
Smoothies & Shakes,Blueberry Pomegranate Smoothie (Medium),16 fl oz cup,0.13829787234042554,0.0047169811320754715,0.00847457627118644,0.005494505494505495,0.0,0.0,0.0,0.008695652173913044,0.005208333333333333,0.013888888888888888,0.013333333333333334,0.43971631205673756,0.44680851063829785,0.5714285714285714,0.5357142857142857,0.421875,0.034482758620689655,,
Smoothies & Shakes,Blueberry Pomegranate Smoothie (Large),22 fl oz cup,0.18085106382978725,0.009433962264150943,0.00847457627118644,0.01098901098901099,0.025,0.029411764705882353,0.0,0.008695652173913044,0.010416666666666666,0.018055555555555554,0.02,0.5602836879432624,0.5531914893617021,0.7142857142857142,0.6785714285714285,0.546875,0.04597701149425287,,
Smoothies & Shakes,Strawberry Banana Smoothie (Small),12 fl oz cup,0.11170212765957448,0.0047169811320754715,0.00423728813559322,0.005494505494505495,0.0,0.0,0.0,0.008695652173913044,0.005208333333333333,0.013888888888888888,0.013333333333333334,0.3333333333333333,0.3404255319148936,0.42857142857142855,0.3571428571428571,0.34375,0.034482758620689655,,
Smoothies & Shakes,Strawberry Banana Smoothie (Medium),16 fl oz cup,0.13297872340425532,0.0047169811320754715,0.00847457627118644,0.005494505494505495,0.0,0.0,0.0,0.008695652173913044,0.005208333333333333,0.016666666666666666,0.013333333333333334,0.41134751773049644,0.40425531914893614,0.42857142857142855,0.46428571428571425,0.421875,0.04597701149425287,,
Smoothies & Shakes,Strawberry Banana Smoothie (Large),22 fl oz cup,0.17553191489361702,0.009433962264150943,0.00847457627118644,0.01098901098901099,0.025,0.029411764705882353,0.0,0.008695652173913044,0.010416666666666666,0.022222222222222223,0.02,0.524822695035461,0.5319148936170213,0.5714285714285714,0.5714285714285714,0.546875,0.05747126436781609,,
Smoothies & Shakes,Mango Pineapple Smoothie (Small),12 fl oz cup,0.11170212765957448,0.0047169811320754715,0.00423728813559322,0.005494505494505495,0.0,0.0,0.0,0.008695652173913044,0.005208333333333333,0.011111111111111112,0.013333333333333334,0.3546099290780142,0.36170212765957444,0.14285714285714285,0.14285714285714285,0.359375,0.022988505747126436,,
Smoothies & Shakes,Mango Pineapple Smoothie (Medium),16 fl oz cup,0.13829787234042554,0.009433962264150943,0.00847457627118644,0.005494505494505495,0.0,0.0,0.0,0.008695652173913044,0.005208333333333333,0.0125,0.013333333333333334,0.4326241134751773,0.425531914893617,0.14285714285714285,0.17857142857142855,0.4375,0.034482758620689655,,
Smoothies & Shakes,Mango Pineapple Smoothie (Large),22 fl oz cup,0.18085106382978725,0.009433962264150943,0.00847457627118644,0.01098901098901099,0.025,0.029411764705882353,0.0,0.008695652173913044,0.010416666666666666,0.016666666666666666,0.02,0.5531914893617021,0.5531914893617021,0.2857142857142857,0.21428571428571427,0.5625,0.04597701149425287,,
Smoothies & Shakes,Vanilla Shake (Small),12 fl oz cup,0.28191489361702127,0.1320754716981132,0.1271186440677966,0.13186813186813187,0.5,0.4803921568627451,0.4,0.10434782608695653,0.10416666666666666,0.044444444444444446,0.04666666666666667,0.6099290780141844,0.6170212765957447,0.0,0.0,0.4921875,0.12643678160919541,,
Smoothies & Shakes,Vanilla Shake (Medium),16 fl oz cup,0.35106382978723405,0.16037735849056603,0.16101694915254236,0.15934065934065936,0.6000000000000001,0.5980392156862745,0.4,0.13043478260869565,0.125,0.05555555555555555,0.060000000000000005,0.7730496453900709,0.7659574468085106,0.0,0.0,0.6328125,0.16091954022988506,,
Smoothies & Shakes,Vanilla Shake (Large),22 fl oz cup,0.43617021276595747,0.19811320754716982,0.19491525423728814,0.19230769230769232,0.75,0.7156862745098039,0.4,0.1565217391304348,0.15104166666666666,0.07222222222222222,0.07333333333333333,0.9574468085106382,0.9574468085106382,0.0,0.0,0.7890625,0.20689655172413793,,
Smoothies & Shakes,Strawberry Shake (Small),12 fl oz cup,0.2925531914893617,0.14150943396226415,0.13559322033898305,0.13736263736263737,0.5,0.5098039215686274,0.4,0.10434782608695653,0.109375,0.044444444444444446,0.04666666666666667,0.6382978723404256,0.6382978723404256,0.0,0.0,0.6171875,0.13793103448275862,,
Smoothies & Shakes,Strawberry Shake (Medium),16 fl oz cup,0.3670212765957447,0.16981132075471697,0.1694915254237288,0.16483516483516486,0.65,0.6176470588235294,0.4,0.13043478260869565,0.13020833333333331,0.058333333333333334,0.060000000000000005,0.8085106382978723,0.8085106382978723,0.0,0.0,0.78125,0.1724137931034483,,
Smoothies & Shakes,Strawberry Shake (Large),22 fl oz cup,0.4521276595744681,0.19811320754716982,0.2033898305084746,0.19780219780219782,0.75,0.7352941176470588,0.4,0.1565217391304348,0.15625,0.07222222222222222,0.07333333333333333,0.9929078014184397,1.0,0.0,0.0,0.9609375,0.20689655172413793,,
Smoothies & Shakes,Chocolate Shake (Small),12 fl oz cup,0.2978723404255319,0.14150943396226415,0.13559322033898305,0.13736263736263737,0.5,0.5,0.4,0.10434782608695653,0.10416666666666666,0.06666666666666667,0.06666666666666667,0.6453900709219857,0.6382978723404256,0.14285714285714285,0.17857142857142855,0.6015625,0.13793103448275862,,
Smoothies & Shakes,Chocolate Shake (Medium),16 fl oz cup,0.3723404255319149,0.16981132075471697,0.1694915254237288,0.16483516483516486,0.6000000000000001,0.6078431372549019,0.4,0.13043478260869565,0.125,0.08333333333333333,0.08666666666666667,0.8085106382978723,0.8085106382978723,0.2857142857142857,0.21428571428571427,0.7578125,0.1724137931034483,,
Smoothies & Shakes,Chocolate Shake (Large),22 fl oz cup,0.4521276595744681,0.19811320754716982,0.19491525423728814,0.19780219780219782,0.75,0.7254901960784313,0.4,0.14782608695652175,0.15104166666666666,0.10555555555555556,0.10666666666666667,1.0,1.0,0.2857142857142857,0.2857142857142857,0.9375,0.21839080459770116,,
Smoothies & Shakes,Shamrock Shake (Medium),16 fl oz cup,0.35106382978723405,0.16037735849056603,0.16101694915254236,0.15934065934065936,0.6000000000000001,0.5980392156862745,0.4,0.13043478260869565,0.125,0.058333333333333334,0.060000000000000005,0.7730496453900709,0.7659574468085106,0.0,0.0,0.7265625,0.16091954022988506,,
Smoothies & Shakes,Shamrock Shake (Large),22 fl oz cup,0.43617021276595747,0.19811320754716982,0.19491525423728814,0.19230769230769232,0.75,0.7156862745098039,0.4,0.1565217391304348,0.15104166666666666,0.07222222222222222,0.07333333333333333,0.9574468085106382,0.9574468085106382,0.0,0.0,0.8984375,0.20689655172413793,,
Smoothies & Shakes,McFlurry with M&M‚Äôs Candies (Small),10.9 oz (310 g),0.34574468085106386,0.19811320754716982,0.19491525423728814,0.19230769230769232,0.7000000000000001,0.7058823529411764,0.2,0.08695652173913043,0.08854166666666666,0.05,0.04666666666666667,0.6808510638297872,0.6808510638297872,0.14285714285714285,0.21428571428571427,0.6953125,0.14942528735632182,310.0,0.45542949756888185
Smoothies & Shakes,McFlurry with M&M‚Äôs Candies (Medium),16.2 oz (460 g),0.4946808510638298,0.27358490566037735,0.2796610169491525,0.27472527472527475,1.0,1.0,0.4,0.13043478260869565,0.13020833333333331,0.07222222222222222,0.07333333333333333,0.9858156028368794,0.9787234042553191,0.2857142857142857,0.25,1.0,0.22988505747126436,460.0,0.6985413290113454
Smoothies & Shakes,McFlurry with M&M‚Äôs Candies (Snack),7.3 oz (207 g),0.22872340425531915,0.1320754716981132,0.1271186440677966,0.13186813186813187,0.5,0.47058823529411764,0.0,0.06086956521739131,0.057291666666666664,0.03333333333333333,0.03333333333333333,0.45390070921985815,0.44680851063829785,0.14285714285714285,0.14285714285714285,0.4609375,0.10344827586206896,207.0,0.2884927066450568
Smoothies & Shakes,McFlurry with Oreo Cookies (Small),10.1 oz (285 g),0.2712765957446809,0.14150943396226415,0.1440677966101695,0.14285714285714288,0.45,0.43137254901960786,0.2,0.0782608695652174,0.07291666666666666,0.07777777777777778,0.08,0.5673758865248226,0.5744680851063829,0.14285714285714285,0.14285714285714285,0.5,0.13793103448275862,285.0,0.41491085899513785
Smoothies & Shakes,McFlurry with Oreo Cookies (Medium),13.4 oz (381 g),0.3670212765957447,0.18867924528301888,0.19491525423728814,0.19230769230769232,0.6000000000000001,0.5686274509803921,0.4,0.09565217391304348,0.09895833333333333,0.10555555555555556,0.10666666666666667,0.75177304964539,0.7446808510638298,0.14285714285714285,0.17857142857142855,0.6640625,0.1724137931034483,381.0,0.5705024311183146
Smoothies & Shakes,McFlurry with Oreo Cookies (Snack),6.7 oz (190 g),0.18085106382978725,0.09433962264150944,0.09322033898305085,0.09340659340659341,0.30000000000000004,0.28431372549019607,0.0,0.052173913043478265,0.046875,0.05277777777777778,0.05333333333333334,0.375886524822695,0.3829787234042553,0.14285714285714285,0.07142857142857142,0.3359375,0.09195402298850575,190.0,0.2609400324149109
Smoothies & Shakes,McFlurry with Reese's Peanut Butter Cups (Medium),14.2 oz (403 g),0.4308510638297872,0.27358490566037735,0.2711864406779661,0.27472527472527475,0.75,0.7450980392156863,0.4,0.10434782608695653,0.10416666666666666,0.1111111111111111,0.11333333333333334,0.8085106382978723,0.8085106382978723,0.2857142857142857,0.3214285714285714,0.8046875,0.24137931034482757,403.0,0.6061588330632092
Smoothies & Shakes,McFlurry with Reese's Peanut Butter Cups (Snack),7.1 oz (202 g),0.21808510638297873,0.14150943396226415,0.13559322033898305,0.13736263736263737,0.4,0.37254901960784315,0.0,0.052173913043478265,0.05208333333333333,0.05555555555555555,0.05333333333333334,0.40425531914893614,0.40425531914893614,0.14285714285714285,0.17857142857142855,0.3984375,0.11494252873563218,202.0,0.280388978930308
